,country_pair,prompt_style,model_name,temperature,sim_score_1,sim_score_2,sim_diff,p-value,p-values
0,U.S.A.-Mexico,Single_Similar_And (SSA),mistral_7B,0.001,18.0,18.0,0.0,,
1,U.S.S.R.-Poland,Single_Similar_And (SSA),mistral_7B,0.001,15.0,10.0,5.0,,
2,China-Albania,Single_Similar_And (SSA),mistral_7B,0.001,15.0,1.0,14.0,,
3,U.S.A.-Israel,Single_Similar_And (SSA),mistral_7B,0.001,18.0,18.0,0.0,,
4,Japan-Philippines,Single_Similar_And (SSA),mistral_7B,0.001,16.0,16.0,0.0,,
5,U.S.A.-Canada,Single_Similar_And (SSA),mistral_7B,0.001,18.0,18.0,0.0,,
6,U.S.S.R.-Israel,Single_Similar_And (SSA),mistral_7B,0.001,15.0,1.0,14.0,,
7,England-Ireland,Single_Similar_And (SSA),mistral_7B,0.001,19.0,18.0,1.0,,
8,Germany-Austria,Single_Similar_And (SSA),mistral_7B,0.001,18.0,18.0,0.0,,
9,U.S.S.R.-France,Single_Similar_And (SSA),mistral_7B,0.001,10.0,10.0,0.0,,
10,Belgium-Luxembourg,Single_Similar_And (SSA),mistral_7B,0.001,19.0,19.0,0.0,,
11,U.S.A.-U.S.S.R.,Single_Similar_And (SSA),mistral_7B,0.001,10.0,10.0,0.0,,
12,China-North Korea,Single_Similar_And (SSA),mistral_7B,0.001,17.0,17.0,0.0,,
13,India-Sri Lanka,Single_Similar_And (SSA),mistral_7B,0.001,18.0,18.0,0.0,,
14,U.S.A.-France,Single_Similar_And (SSA),mistral_7B,0.001,15.0,18.0,-3.0,,
15,U.S.S.R.-Cuba,Single_Similar_And (SSA),mistral_7B,0.001,15.0,1.0,14.0,,
16,England-Jordan,Single_Similar_And (SSA),mistral_7B,0.001,15.0,15.0,0.0,,
17,France-Israel,Single_Similar_And (SSA),mistral_7B,0.001,17.0,15.0,2.0,,
18,U.S.A.-Germany,Single_Similar_And (SSA),mistral_7B,0.001,15.0,16.0,-1.0,,
19,U.S.S.R.-Syria,Single_Similar_And (SSA),mistral_7B,0.001,1.0,1.0,0.0,,
20,France-Algeria,Single_Similar_And (SSA),mistral_7B,0.001,16.0,16.0,0.0,,
21,U.S.A.-Mexico,Single_Similar_And (SSA),mistral_7B,0.5,15.0,18.0,-3.0,,
22,U.S.S.R.-Poland,Single_Similar_And (SSA),mistral_7B,0.5,4.0,10.0,-6.0,,
23,China-Albania,Single_Similar_And (SSA),mistral_7B,0.5,13.0,0.0,13.0,,
24,U.S.A.-Israel,Single_Similar_And (SSA),mistral_7B,0.5,17.0,18.0,-1.0,,
25,Japan-Philippines,Single_Similar_And (SSA),mistral_7B,0.5,17.0,16.0,1.0,,
26,U.S.A.-Canada,Single_Similar_And (SSA),mistral_7B,0.5,19.0,18.0,1.0,,
27,U.S.S.R.-Israel,Single_Similar_And (SSA),mistral_7B,0.5,13.0,16.0,-3.0,,
28,England-Ireland,Single_Similar_And (SSA),mistral_7B,0.5,9.0,18.0,-9.0,,
29,Germany-Austria,Single_Similar_And (SSA),mistral_7B,0.5,18.0,19.0,-1.0,,
30,U.S.S.R.-France,Single_Similar_And (SSA),mistral_7B,0.5,7.0,10.0,-3.0,,
31,Belgium-Luxembourg,Single_Similar_And (SSA),mistral_7B,0.5,18.0,18.0,0.0,,
32,U.S.A.-U.S.S.R.,Single_Similar_And (SSA),mistral_7B,0.5,5.0,10.0,-5.0,,
33,China-North Korea,Single_Similar_And (SSA),mistral_7B,0.5,17.0,8.0,9.0,,
34,India-Sri Lanka,Single_Similar_And (SSA),mistral_7B,0.5,17.0,17.0,0.0,,
35,U.S.A.-France,Single_Similar_And (SSA),mistral_7B,0.5,15.0,17.0,-2.0,,
36,U.S.S.R.-Cuba,Single_Similar_And (SSA),mistral_7B,0.5,10.0,10.0,0.0,,
37,England-Jordan,Single_Similar_And (SSA),mistral_7B,0.5,8.0,7.0,1.0,,
38,France-Israel,Single_Similar_And (SSA),mistral_7B,0.5,8.0,19.0,-11.0,,
39,U.S.A.-Germany,Single_Similar_And (SSA),mistral_7B,0.5,17.0,18.0,-1.0,,
40,U.S.S.R.-Syria,Single_Similar_And (SSA),mistral_7B,0.5,10.0,1.0,9.0,,
41,France-Algeria,Single_Similar_And (SSA),mistral_7B,0.5,14.0,16.0,-2.0,,
42,U.S.A.-Mexico,Single_Similar_And (SSA),mistral_7B,1.0,8.0,17.0,-9.0,,
43,U.S.S.R.-Poland,Single_Similar_And (SSA),mistral_7B,1.0,7.0,1.0,6.0,,
44,China-Albania,Single_Similar_And (SSA),mistral_7B,1.0,4.0,8.0,-4.0,,
45,U.S.A.-Israel,Single_Similar_And (SSA),mistral_7B,1.0,18.0,16.0,2.0,,
46,Japan-Philippines,Single_Similar_And (SSA),mistral_7B,1.0,17.0,19.0,-2.0,,
47,U.S.A.-Canada,Single_Similar_And (SSA),mistral_7B,1.0,19.0,9.0,10.0,,
48,U.S.S.R.-Israel,Single_Similar_And (SSA),mistral_7B,1.0,7.0,15.0,-8.0,,
49,England-Ireland,Single_Similar_And (SSA),mistral_7B,1.0,19.0,19.0,0.0,,
50,Germany-Austria,Single_Similar_And (SSA),mistral_7B,1.0,18.0,18.0,0.0,,
51,U.S.S.R.-France,Single_Similar_And (SSA),mistral_7B,1.0,4.0,10.0,-6.0,,
52,Belgium-Luxembourg,Single_Similar_And (SSA),mistral_7B,1.0,16.0,18.0,-2.0,,
53,U.S.A.-U.S.S.R.,Single_Similar_And (SSA),mistral_7B,1.0,1.0,5.0,-4.0,,
54,China-North Korea,Single_Similar_And (SSA),mistral_7B,1.0,9.0,9.0,0.0,,
55,India-Sri Lanka,Single_Similar_And (SSA),mistral_7B,1.0,16.0,17.0,-1.0,,
56,U.S.A.-France,Single_Similar_And (SSA),mistral_7B,1.0,9.0,7.0,2.0,,
57,U.S.S.R.-Cuba,Single_Similar_And (SSA),mistral_7B,1.0,14.0,40.0,-26.0,,
58,England-Jordan,Single_Similar_And (SSA),mistral_7B,1.0,4.0,7.0,-3.0,,
59,France-Israel,Single_Similar_And (SSA),mistral_7B,1.0,14.0,17.0,-3.0,,
60,U.S.A.-Germany,Single_Similar_And (SSA),mistral_7B,1.0,9.0,15.0,-6.0,,
61,U.S.S.R.-Syria,Single_Similar_And (SSA),mistral_7B,1.0,0.0,4.0,-4.0,,
62,France-Algeria,Single_Similar_And (SSA),mistral_7B,1.0,7.0,17.0,-10.0,,
63,U.S.A.-Mexico,Single_Similar_And (SSA),mistral_7B,1.5,9.0,9.0,0.0,,
64,U.S.S.R.-Poland,Single_Similar_And (SSA),mistral_7B,1.5,5.0,4.0,1.0,,
65,China-Albania,Single_Similar_And (SSA),mistral_7B,1.5,6.0,5.0,1.0,,
66,U.S.A.-Israel,Single_Similar_And (SSA),mistral_7B,1.5,19.0,19.0,0.0,,
67,Japan-Philippines,Single_Similar_And (SSA),mistral_7B,1.5,15.0,19.0,-4.0,,
68,U.S.A.-Canada,Single_Similar_And (SSA),mistral_7B,1.5,9.0,17.0,-8.0,,
69,U.S.S.R.-Israel,Single_Similar_And (SSA),mistral_7B,1.5,7.0,10.0,-3.0,,
70,England-Ireland,Single_Similar_And (SSA),mistral_7B,1.5,16.0,15.0,1.0,,
71,Germany-Austria,Single_Similar_And (SSA),mistral_7B,1.5,18.0,18.0,0.0,,
72,U.S.S.R.-France,Single_Similar_And (SSA),mistral_7B,1.5,8.0,0.0,8.0,,
73,Belgium-Luxembourg,Single_Similar_And (SSA),mistral_7B,1.5,18.0,16.0,2.0,,
74,U.S.A.-U.S.S.R.,Single_Similar_And (SSA),mistral_7B,1.5,5.0,17.0,-12.0,,
75,China-North Korea,Single_Similar_And (SSA),mistral_7B,1.5,8.0,18.0,-10.0,,
76,India-Sri Lanka,Single_Similar_And (SSA),mistral_7B,1.5,16.0,19.0,-3.0,,
77,U.S.A.-France,Single_Similar_And (SSA),mistral_7B,1.5,9.0,16.0,-7.0,,
78,U.S.S.R.-Cuba,Single_Similar_And (SSA),mistral_7B,1.5,4.0,6.0,-2.0,,
79,England-Jordan,Single_Similar_And (SSA),mistral_7B,1.5,5.0,10.0,-5.0,,
80,France-Israel,Single_Similar_And (SSA),mistral_7B,1.5,14.0,7.0,7.0,,
81,U.S.A.-Germany,Single_Similar_And (SSA),mistral_7B,1.5,10.0,14.0,-4.0,,
82,U.S.S.R.-Syria,Single_Similar_And (SSA),mistral_7B,1.5,0.0,2.0,-2.0,,
83,France-Algeria,Single_Similar_And (SSA),mistral_7B,1.5,15.0,15.0,0.0,,
84,U.S.A.-Mexico,Single_Similar_And (SSA),llama2_7B,0.001,15.0,15.0,0.0,,
85,U.S.S.R.-Poland,Single_Similar_And (SSA),llama2_7B,0.001,10.0,10.0,0.0,,
86,China-Albania,Single_Similar_And (SSA),llama2_7B,0.001,8.0,6.0,2.0,,
87,U.S.A.-Israel,Single_Similar_And (SSA),llama2_7B,0.001,15.0,15.0,0.0,,
88,Japan-Philippines,Single_Similar_And (SSA),llama2_7B,0.001,10.0,15.0,-5.0,,
89,U.S.A.-Canada,Single_Similar_And (SSA),llama2_7B,0.001,15.0,15.0,0.0,,
90,U.S.S.R.-Israel,Single_Similar_And (SSA),llama2_7B,0.001,10.0,10.0,0.0,,
91,England-Ireland,Single_Similar_And (SSA),llama2_7B,0.001,15.0,15.0,0.0,,
92,Germany-Austria,Single_Similar_And (SSA),llama2_7B,0.001,15.0,15.0,0.0,,
93,U.S.S.R.-France,Single_Similar_And (SSA),llama2_7B,0.001,10.0,10.0,0.0,,
94,Belgium-Luxembourg,Single_Similar_And (SSA),llama2_7B,0.001,15.0,15.0,0.0,,
95,U.S.A.-U.S.S.R.,Single_Similar_And (SSA),llama2_7B,0.001,10.0,10.0,0.0,,
96,China-North Korea,Single_Similar_And (SSA),llama2_7B,0.001,15.0,15.0,0.0,,
97,India-Sri Lanka,Single_Similar_And (SSA),llama2_7B,0.001,15.0,15.0,0.0,,
98,U.S.A.-France,Single_Similar_And (SSA),llama2_7B,0.001,15.0,15.0,0.0,,
99,U.S.S.R.-Cuba,Single_Similar_And (SSA),llama2_7B,0.001,15.0,15.0,0.0,,
100,England-Jordan,Single_Similar_And (SSA),llama2_7B,0.001,10.0,10.0,0.0,,
101,France-Israel,Single_Similar_And (SSA),llama2_7B,0.001,15.0,15.0,0.0,,
102,U.S.A.-Germany,Single_Similar_And (SSA),llama2_7B,0.001,15.0,15.0,0.0,,
103,U.S.S.R.-Syria,Single_Similar_And (SSA),llama2_7B,0.001,3.0,10.0,-7.0,,
104,France-Algeria,Single_Similar_And (SSA),llama2_7B,0.001,15.0,15.0,0.0,,
105,U.S.A.-Mexico,Single_Similar_And (SSA),llama2_7B,0.5,15.0,15.0,0.0,,
106,U.S.S.R.-Poland,Single_Similar_And (SSA),llama2_7B,0.5,10.0,10.0,0.0,,
107,China-Albania,Single_Similar_And (SSA),llama2_7B,0.5,8.0,8.0,0.0,,
108,U.S.A.-Israel,Single_Similar_And (SSA),llama2_7B,0.5,15.0,15.0,0.0,,
109,Japan-Philippines,Single_Similar_And (SSA),llama2_7B,0.5,13.0,15.0,-2.0,,
110,U.S.A.-Canada,Single_Similar_And (SSA),llama2_7B,0.5,15.0,15.0,0.0,,
111,U.S.S.R.-Israel,Single_Similar_And (SSA),llama2_7B,0.5,10.0,10.0,0.0,,
112,England-Ireland,Single_Similar_And (SSA),llama2_7B,0.5,15.0,15.0,0.0,,
113,Germany-Austria,Single_Similar_And (SSA),llama2_7B,0.5,15.0,15.0,0.0,,
114,U.S.S.R.-France,Single_Similar_And (SSA),llama2_7B,0.5,10.0,10.0,0.0,,
115,Belgium-Luxembourg,Single_Similar_And (SSA),llama2_7B,0.5,15.0,15.0,0.0,,
116,U.S.A.-U.S.S.R.,Single_Similar_And (SSA),llama2_7B,0.5,10.0,10.0,0.0,,
117,China-North Korea,Single_Similar_And (SSA),llama2_7B,0.5,15.0,15.0,0.0,,
118,India-Sri Lanka,Single_Similar_And (SSA),llama2_7B,0.5,15.0,15.0,0.0,,
119,U.S.A.-France,Single_Similar_And (SSA),llama2_7B,0.5,15.0,14.0,1.0,,
120,U.S.S.R.-Cuba,Single_Similar_And (SSA),llama2_7B,0.5,15.0,14.0,1.0,,
121,England-Jordan,Single_Similar_And (SSA),llama2_7B,0.5,13.0,10.0,3.0,,
122,France-Israel,Single_Similar_And (SSA),llama2_7B,0.5,15.0,15.0,0.0,,
123,U.S.A.-Germany,Single_Similar_And (SSA),llama2_7B,0.5,15.0,15.0,0.0,,
124,U.S.S.R.-Syria,Single_Similar_And (SSA),llama2_7B,0.5,3.0,10.0,-7.0,,
125,France-Algeria,Single_Similar_And (SSA),llama2_7B,0.5,15.0,15.0,0.0,,
126,U.S.A.-Mexico,Single_Similar_And (SSA),llama2_7B,1.0,15.0,14.0,1.0,,
127,U.S.S.R.-Poland,Single_Similar_And (SSA),llama2_7B,1.0,14.0,8.0,6.0,,
128,China-Albania,Single_Similar_And (SSA),llama2_7B,1.0,4.0,5.0,-1.0,,
129,U.S.A.-Israel,Single_Similar_And (SSA),llama2_7B,1.0,15.0,15.0,0.0,,
130,Japan-Philippines,Single_Similar_And (SSA),llama2_7B,1.0,13.0,16.0,-3.0,,
131,U.S.A.-Canada,Single_Similar_And (SSA),llama2_7B,1.0,15.0,15.0,0.0,,
132,U.S.S.R.-Israel,Single_Similar_And (SSA),llama2_7B,1.0,6.0,13.0,-7.0,,
133,England-Ireland,Single_Similar_And (SSA),llama2_7B,1.0,15.0,15.0,0.0,,
134,Germany-Austria,Single_Similar_And (SSA),llama2_7B,1.0,15.0,15.0,0.0,,
135,U.S.S.R.-France,Single_Similar_And (SSA),llama2_7B,1.0,8.0,10.0,-2.0,,
136,Belgium-Luxembourg,Single_Similar_And (SSA),llama2_7B,1.0,16.0,14.0,2.0,,
137,U.S.A.-U.S.S.R.,Single_Similar_And (SSA),llama2_7B,1.0,10.0,14.0,-4.0,,
138,China-North Korea,Single_Similar_And (SSA),llama2_7B,1.0,15.0,15.0,0.0,,
139,India-Sri Lanka,Single_Similar_And (SSA),llama2_7B,1.0,16.0,15.0,1.0,,
140,U.S.A.-France,Single_Similar_And (SSA),llama2_7B,1.0,15.0,15.0,0.0,,
141,U.S.S.R.-Cuba,Single_Similar_And (SSA),llama2_7B,1.0,16.0,15.0,1.0,,
142,England-Jordan,Single_Similar_And (SSA),llama2_7B,1.0,10.0,10.0,0.0,,
143,France-Israel,Single_Similar_And (SSA),llama2_7B,1.0,15.0,15.0,0.0,,
144,U.S.A.-Germany,Single_Similar_And (SSA),llama2_7B,1.0,15.0,15.0,0.0,,
145,U.S.S.R.-Syria,Single_Similar_And (SSA),llama2_7B,1.0,1.0,10.0,-9.0,,
146,France-Algeria,Single_Similar_And (SSA),llama2_7B,1.0,14.0,15.0,-1.0,,
147,U.S.A.-Mexico,Single_Similar_And (SSA),llama2_7B,1.5,15.0,15.0,0.0,,
148,U.S.S.R.-Poland,Single_Similar_And (SSA),llama2_7B,1.5,10.0,15.0,-5.0,,
149,China-Albania,Single_Similar_And (SSA),llama2_7B,1.5,4.0,5.0,-1.0,,
150,U.S.A.-Israel,Single_Similar_And (SSA),llama2_7B,1.5,15.0,15.0,0.0,,
151,Japan-Philippines,Single_Similar_And (SSA),llama2_7B,1.5,13.0,15.0,-2.0,,
152,U.S.A.-Canada,Single_Similar_And (SSA),llama2_7B,1.5,15.0,14.0,1.0,,
153,U.S.S.R.-Israel,Single_Similar_And (SSA),llama2_7B,1.5,8.0,10.0,-2.0,,
154,England-Ireland,Single_Similar_And (SSA),llama2_7B,1.5,15.0,15.0,0.0,,
155,Germany-Austria,Single_Similar_And (SSA),llama2_7B,1.5,15.0,18.0,-3.0,,
156,U.S.S.R.-France,Single_Similar_And (SSA),llama2_7B,1.5,15.0,15.0,0.0,,
157,Belgium-Luxembourg,Single_Similar_And (SSA),llama2_7B,1.5,15.0,15.0,0.0,,
158,U.S.A.-U.S.S.R.,Single_Similar_And (SSA),llama2_7B,1.5,8.0,10.0,-2.0,,
159,China-North Korea,Single_Similar_And (SSA),llama2_7B,1.5,16.0,15.0,1.0,,
160,India-Sri Lanka,Single_Similar_And (SSA),llama2_7B,1.5,15.0,15.0,0.0,,
161,U.S.A.-France,Single_Similar_And (SSA),llama2_7B,1.5,15.0,15.0,0.0,,
162,U.S.S.R.-Cuba,Single_Similar_And (SSA),llama2_7B,1.5,16.0,14.0,2.0,,
163,England-Jordan,Single_Similar_And (SSA),llama2_7B,1.5,14.0,15.0,-1.0,,
164,France-Israel,Single_Similar_And (SSA),llama2_7B,1.5,15.0,10.0,5.0,,
165,U.S.A.-Germany,Single_Similar_And (SSA),llama2_7B,1.5,15.0,14.0,1.0,,
166,U.S.S.R.-Syria,Single_Similar_And (SSA),llama2_7B,1.5,3.0,8.0,-5.0,,
167,France-Algeria,Single_Similar_And (SSA),llama2_7B,1.5,15.0,14.0,1.0,,
168,U.S.A.-Mexico,Single_Similar_And (SSA),llama3_8B,0.001,14.0,14.0,0.0,,
169,U.S.S.R.-Poland,Single_Similar_And (SSA),llama3_8B,0.001,4.0,2.0,2.0,,
170,China-Albania,Single_Similar_And (SSA),llama3_8B,0.001,2.0,2.0,0.0,,
171,U.S.A.-Israel,Single_Similar_And (SSA),llama3_8B,0.001,12.0,18.0,-6.0,,
172,Japan-Philippines,Single_Similar_And (SSA),llama3_8B,0.001,12.0,12.0,0.0,,
173,U.S.A.-Canada,Single_Similar_And (SSA),llama3_8B,0.001,18.0,18.0,0.0,,
174,U.S.S.R.-Israel,Single_Similar_And (SSA),llama3_8B,0.001,2.0,2.0,0.0,,
175,England-Ireland,Single_Similar_And (SSA),llama3_8B,0.001,12.0,12.0,0.0,,
176,Germany-Austria,Single_Similar_And (SSA),llama3_8B,0.001,18.0,14.0,4.0,,
177,U.S.S.R.-France,Single_Similar_And (SSA),llama3_8B,0.001,2.0,2.0,0.0,,
178,Belgium-Luxembourg,Single_Similar_And (SSA),llama3_8B,0.001,18.0,18.0,0.0,,
179,U.S.A.-U.S.S.R.,Single_Similar_And (SSA),llama3_8B,0.001,4.0,4.0,0.0,,
180,China-North Korea,Single_Similar_And (SSA),llama3_8B,0.001,12.0,12.0,0.0,,
181,India-Sri Lanka,Single_Similar_And (SSA),llama3_8B,0.001,14.0,18.0,-4.0,,
182,U.S.A.-France,Single_Similar_And (SSA),llama3_8B,0.001,4.0,12.0,-8.0,,
183,U.S.S.R.-Cuba,Single_Similar_And (SSA),llama3_8B,0.001,4.0,2.0,2.0,,
184,England-Jordan,Single_Similar_And (SSA),llama3_8B,0.001,2.0,4.0,-2.0,,
185,France-Israel,Single_Similar_And (SSA),llama3_8B,0.001,4.0,4.0,0.0,,
186,U.S.A.-Germany,Single_Similar_And (SSA),llama3_8B,0.001,12.0,14.0,-2.0,,
187,U.S.S.R.-Syria,Single_Similar_And (SSA),llama3_8B,0.001,2.0,2.0,0.0,,
188,France-Algeria,Single_Similar_And (SSA),llama3_8B,0.001,12.0,14.0,-2.0,,
189,U.S.A.-Mexico,Single_Similar_And (SSA),llama3_8B,0.5,14.0,17.0,-3.0,,
190,U.S.S.R.-Poland,Single_Similar_And (SSA),llama3_8B,0.5,8.0,2.0,6.0,,
191,China-Albania,Single_Similar_And (SSA),llama3_8B,0.5,2.0,2.0,0.0,,
192,U.S.A.-Israel,Single_Similar_And (SSA),llama3_8B,0.5,14.0,16.0,-2.0,,
193,Japan-Philippines,Single_Similar_And (SSA),llama3_8B,0.5,12.0,6.0,6.0,,
194,U.S.A.-Canada,Single_Similar_And (SSA),llama3_8B,0.5,18.0,18.0,0.0,,
195,U.S.S.R.-Israel,Single_Similar_And (SSA),llama3_8B,0.5,2.0,2.0,0.0,,
196,England-Ireland,Single_Similar_And (SSA),llama3_8B,0.5,12.0,12.0,0.0,,
197,Germany-Austria,Single_Similar_And (SSA),llama3_8B,0.5,18.0,12.0,6.0,,
198,U.S.S.R.-France,Single_Similar_And (SSA),llama3_8B,0.5,2.0,4.0,-2.0,,
199,Belgium-Luxembourg,Single_Similar_And (SSA),llama3_8B,0.5,18.0,18.0,0.0,,
200,U.S.A.-U.S.S.R.,Single_Similar_And (SSA),llama3_8B,0.5,2.0,4.0,-2.0,,
201,China-North Korea,Single_Similar_And (SSA),llama3_8B,0.5,14.0,16.0,-2.0,,
202,India-Sri Lanka,Single_Similar_And (SSA),llama3_8B,0.5,14.0,14.0,0.0,,
203,U.S.A.-France,Single_Similar_And (SSA),llama3_8B,0.5,4.0,6.0,-2.0,,
204,U.S.S.R.-Cuba,Single_Similar_And (SSA),llama3_8B,0.5,4.0,2.0,2.0,,
205,England-Jordan,Single_Similar_And (SSA),llama3_8B,0.5,2.0,4.0,-2.0,,
206,France-Israel,Single_Similar_And (SSA),llama3_8B,0.5,4.0,6.0,-2.0,,
207,U.S.A.-Germany,Single_Similar_And (SSA),llama3_8B,0.5,6.0,14.0,-8.0,,
208,U.S.S.R.-Syria,Single_Similar_And (SSA),llama3_8B,0.5,2.0,2.0,0.0,,
209,France-Algeria,Single_Similar_And (SSA),llama3_8B,0.5,14.0,10.0,4.0,,
210,U.S.A.-Mexico,Single_Similar_And (SSA),llama3_8B,1.0,18.0,16.0,2.0,,
211,U.S.S.R.-Poland,Single_Similar_And (SSA),llama3_8B,1.0,8.0,2.0,6.0,,
212,China-Albania,Single_Similar_And (SSA),llama3_8B,1.0,4.0,2.0,2.0,,
213,U.S.A.-Israel,Single_Similar_And (SSA),llama3_8B,1.0,16.0,17.0,-1.0,,
214,Japan-Philippines,Single_Similar_And (SSA),llama3_8B,1.0,4.0,8.0,-4.0,,
215,U.S.A.-Canada,Single_Similar_And (SSA),llama3_8B,1.0,18.0,18.0,0.0,,
216,U.S.S.R.-Israel,Single_Similar_And (SSA),llama3_8B,1.0,4.0,2.0,2.0,,
217,England-Ireland,Single_Similar_And (SSA),llama3_8B,1.0,16.0,10.0,6.0,,
218,Germany-Austria,Single_Similar_And (SSA),llama3_8B,1.0,18.0,14.0,4.0,,
219,U.S.S.R.-France,Single_Similar_And (SSA),llama3_8B,1.0,2.0,2.0,0.0,,
220,Belgium-Luxembourg,Single_Similar_And (SSA),llama3_8B,1.0,16.0,18.0,-2.0,,
221,U.S.A.-U.S.S.R.,Single_Similar_And (SSA),llama3_8B,1.0,0.0,12.0,-12.0,,
222,China-North Korea,Single_Similar_And (SSA),llama3_8B,1.0,18.0,15.0,3.0,,
223,India-Sri Lanka,Single_Similar_And (SSA),llama3_8B,1.0,12.0,18.0,-6.0,,
224,U.S.A.-France,Single_Similar_And (SSA),llama3_8B,1.0,4.0,4.0,0.0,,
225,U.S.S.R.-Cuba,Single_Similar_And (SSA),llama3_8B,1.0,10.0,2.0,8.0,,
226,England-Jordan,Single_Similar_And (SSA),llama3_8B,1.0,4.0,4.0,0.0,,
227,France-Israel,Single_Similar_And (SSA),llama3_8B,1.0,2.0,4.0,-2.0,,
228,U.S.A.-Germany,Single_Similar_And (SSA),llama3_8B,1.0,8.0,10.0,-2.0,,
229,U.S.S.R.-Syria,Single_Similar_And (SSA),llama3_8B,1.0,2.0,1.0,1.0,,
230,France-Algeria,Single_Similar_And (SSA),llama3_8B,1.0,14.0,12.0,2.0,,
231,U.S.A.-Mexico,Single_Similar_And (SSA),llama3_8B,1.5,12.0,14.0,-2.0,,
232,U.S.S.R.-Poland,Single_Similar_And (SSA),llama3_8B,1.5,12.0,4.0,8.0,,
233,China-Albania,Single_Similar_And (SSA),llama3_8B,1.5,2.0,2.0,0.0,,
234,U.S.A.-Israel,Single_Similar_And (SSA),llama3_8B,1.5,8.0,14.0,-6.0,,
235,Japan-Philippines,Single_Similar_And (SSA),llama3_8B,1.5,10.0,10.0,0.0,,
236,U.S.A.-Canada,Single_Similar_And (SSA),llama3_8B,1.5,18.0,14.0,4.0,,
237,U.S.S.R.-Israel,Single_Similar_And (SSA),llama3_8B,1.5,4.0,4.0,0.0,,
238,England-Ireland,Single_Similar_And (SSA),llama3_8B,1.5,10.0,16.0,-6.0,,
239,Germany-Austria,Single_Similar_And (SSA),llama3_8B,1.5,17.0,14.0,3.0,,
240,U.S.S.R.-France,Single_Similar_And (SSA),llama3_8B,1.5,4.0,2.0,2.0,,
241,Belgium-Luxembourg,Single_Similar_And (SSA),llama3_8B,1.5,12.0,18.0,-6.0,,
242,U.S.A.-U.S.S.R.,Single_Similar_And (SSA),llama3_8B,1.5,4.0,2.0,2.0,,
243,China-North Korea,Single_Similar_And (SSA),llama3_8B,1.5,15.0,12.0,3.0,,
244,India-Sri Lanka,Single_Similar_And (SSA),llama3_8B,1.5,18.0,15.0,3.0,,
245,U.S.A.-France,Single_Similar_And (SSA),llama3_8B,1.5,12.0,14.0,-2.0,,
246,U.S.S.R.-Cuba,Single_Similar_And (SSA),llama3_8B,1.5,5.0,2.0,3.0,,
247,England-Jordan,Single_Similar_And (SSA),llama3_8B,1.5,2.0,6.0,-4.0,,
248,France-Israel,Single_Similar_And (SSA),llama3_8B,1.5,4.0,4.0,0.0,,
249,U.S.A.-Germany,Single_Similar_And (SSA),llama3_8B,1.5,10.0,12.0,-2.0,,
250,U.S.S.R.-Syria,Single_Similar_And (SSA),llama3_8B,1.5,1.0,2.0,-1.0,,
251,France-Algeria,Single_Similar_And (SSA),llama3_8B,1.5,16.0,14.0,2.0,,
252,U.S.A.-Mexico,Single_Similar_And (SSA),llama2_13B,0.001,15.0,15.0,0.0,,
253,U.S.S.R.-Poland,Single_Similar_And (SSA),llama2_13B,0.001,5.0,5.0,0.0,,
254,China-Albania,Single_Similar_And (SSA),llama2_13B,0.001,5.0,5.0,0.0,,
255,U.S.A.-Israel,Single_Similar_And (SSA),llama2_13B,0.001,16.0,16.0,0.0,,
256,Japan-Philippines,Single_Similar_And (SSA),llama2_13B,0.001,12.0,12.0,0.0,,
257,U.S.A.-Canada,Single_Similar_And (SSA),llama2_13B,0.001,15.0,15.0,0.0,,
258,U.S.S.R.-Israel,Single_Similar_And (SSA),llama2_13B,0.001,5.0,5.0,0.0,,
259,England-Ireland,Single_Similar_And (SSA),llama2_13B,0.001,15.0,15.0,0.0,,
260,Germany-Austria,Single_Similar_And (SSA),llama2_13B,0.001,15.0,15.0,0.0,,
261,U.S.S.R.-France,Single_Similar_And (SSA),llama2_13B,0.001,5.0,5.0,0.0,,
262,Belgium-Luxembourg,Single_Similar_And (SSA),llama2_13B,0.001,15.0,15.0,0.0,,
263,U.S.A.-U.S.S.R.,Single_Similar_And (SSA),llama2_13B,0.001,10.0,5.0,5.0,,
264,China-North Korea,Single_Similar_And (SSA),llama2_13B,0.001,14.0,16.0,-2.0,,
265,India-Sri Lanka,Single_Similar_And (SSA),llama2_13B,0.001,15.0,15.0,0.0,,
266,U.S.A.-France,Single_Similar_And (SSA),llama2_13B,0.001,14.0,15.0,-1.0,,
267,U.S.S.R.-Cuba,Single_Similar_And (SSA),llama2_13B,0.001,15.0,15.0,0.0,,
268,England-Jordan,Single_Similar_And (SSA),llama2_13B,0.001,12.0,12.0,0.0,,
269,France-Israel,Single_Similar_And (SSA),llama2_13B,0.001,14.0,14.0,0.0,,
270,U.S.A.-Germany,Single_Similar_And (SSA),llama2_13B,0.001,14.0,14.0,0.0,,
271,U.S.S.R.-Syria,Single_Similar_And (SSA),llama2_13B,0.001,5.0,5.0,0.0,,
272,France-Algeria,Single_Similar_And (SSA),llama2_13B,0.001,12.0,12.0,0.0,,
273,U.S.A.-Mexico,Single_Similar_And (SSA),llama2_13B,0.5,15.0,15.0,0.0,,
274,U.S.S.R.-Poland,Single_Similar_And (SSA),llama2_13B,0.5,5.0,5.0,0.0,,
275,China-Albania,Single_Similar_And (SSA),llama2_13B,0.5,5.0,5.0,0.0,,
276,U.S.A.-Israel,Single_Similar_And (SSA),llama2_13B,0.5,15.0,15.0,0.0,,
277,Japan-Philippines,Single_Similar_And (SSA),llama2_13B,0.5,12.0,12.0,0.0,,
278,U.S.A.-Canada,Single_Similar_And (SSA),llama2_13B,0.5,15.0,15.0,0.0,,
279,U.S.S.R.-Israel,Single_Similar_And (SSA),llama2_13B,0.5,5.0,5.0,0.0,,
280,England-Ireland,Single_Similar_And (SSA),llama2_13B,0.5,15.0,15.0,0.0,,
281,Germany-Austria,Single_Similar_And (SSA),llama2_13B,0.5,15.0,16.0,-1.0,,
282,U.S.S.R.-France,Single_Similar_And (SSA),llama2_13B,0.5,5.0,5.0,0.0,,
283,Belgium-Luxembourg,Single_Similar_And (SSA),llama2_13B,0.5,15.0,15.0,0.0,,
284,U.S.A.-U.S.S.R.,Single_Similar_And (SSA),llama2_13B,0.5,10.0,5.0,5.0,,
285,China-North Korea,Single_Similar_And (SSA),llama2_13B,0.5,14.0,15.0,-1.0,,
286,India-Sri Lanka,Single_Similar_And (SSA),llama2_13B,0.5,15.0,15.0,0.0,,
287,U.S.A.-France,Single_Similar_And (SSA),llama2_13B,0.5,14.0,15.0,-1.0,,
288,U.S.S.R.-Cuba,Single_Similar_And (SSA),llama2_13B,0.5,15.0,15.0,0.0,,
289,England-Jordan,Single_Similar_And (SSA),llama2_13B,0.5,10.0,12.0,-2.0,,
290,France-Israel,Single_Similar_And (SSA),llama2_13B,0.5,12.0,12.0,0.0,,
291,U.S.A.-Germany,Single_Similar_And (SSA),llama2_13B,0.5,14.0,14.0,0.0,,
292,U.S.S.R.-Syria,Single_Similar_And (SSA),llama2_13B,0.5,5.0,3.0,2.0,,
293,France-Algeria,Single_Similar_And (SSA),llama2_13B,0.5,12.0,10.0,2.0,,
294,U.S.A.-Mexico,Single_Similar_And (SSA),llama2_13B,1.0,15.0,15.0,0.0,,
295,U.S.S.R.-Poland,Single_Similar_And (SSA),llama2_13B,1.0,5.0,4.0,1.0,,
296,China-Albania,Single_Similar_And (SSA),llama2_13B,1.0,1.0,5.0,-4.0,,
297,U.S.A.-Israel,Single_Similar_And (SSA),llama2_13B,1.0,15.0,15.0,0.0,,
298,Japan-Philippines,Single_Similar_And (SSA),llama2_13B,1.0,12.0,12.0,0.0,,
299,U.S.A.-Canada,Single_Similar_And (SSA),llama2_13B,1.0,17.0,15.0,2.0,,
300,U.S.S.R.-Israel,Single_Similar_And (SSA),llama2_13B,1.0,5.0,3.0,2.0,,
301,England-Ireland,Single_Similar_And (SSA),llama2_13B,1.0,15.0,14.0,1.0,,
302,Germany-Austria,Single_Similar_And (SSA),llama2_13B,1.0,15.0,16.0,-1.0,,
303,U.S.S.R.-France,Single_Similar_And (SSA),llama2_13B,1.0,5.0,3.0,2.0,,
304,Belgium-Luxembourg,Single_Similar_And (SSA),llama2_13B,1.0,15.0,14.0,1.0,,
305,U.S.A.-U.S.S.R.,Single_Similar_And (SSA),llama2_13B,1.0,4.0,5.0,-1.0,,
306,China-North Korea,Single_Similar_And (SSA),llama2_13B,1.0,14.0,17.0,-3.0,,
307,India-Sri Lanka,Single_Similar_And (SSA),llama2_13B,1.0,15.0,16.0,-1.0,,
308,U.S.A.-France,Single_Similar_And (SSA),llama2_13B,1.0,15.0,14.0,1.0,,
309,U.S.S.R.-Cuba,Single_Similar_And (SSA),llama2_13B,1.0,15.0,15.0,0.0,,
310,England-Jordan,Single_Similar_And (SSA),llama2_13B,1.0,5.0,15.0,-10.0,,
311,France-Israel,Single_Similar_And (SSA),llama2_13B,1.0,12.0,14.0,-2.0,,
312,U.S.A.-Germany,Single_Similar_And (SSA),llama2_13B,1.0,14.0,14.0,0.0,,
313,U.S.S.R.-Syria,Single_Similar_And (SSA),llama2_13B,1.0,5.0,0.0,5.0,,
314,France-Algeria,Single_Similar_And (SSA),llama2_13B,1.0,10.0,12.0,-2.0,,
315,U.S.A.-Mexico,Single_Similar_And (SSA),llama2_13B,1.5,14.0,15.0,-1.0,,
316,U.S.S.R.-Poland,Single_Similar_And (SSA),llama2_13B,1.5,5.0,5.0,0.0,,
317,China-Albania,Single_Similar_And (SSA),llama2_13B,1.5,5.0,3.0,2.0,,
318,U.S.A.-Israel,Single_Similar_And (SSA),llama2_13B,1.5,14.0,16.0,-2.0,,
319,Japan-Philippines,Single_Similar_And (SSA),llama2_13B,1.5,13.0,10.0,3.0,,
320,U.S.A.-Canada,Single_Similar_And (SSA),llama2_13B,1.5,16.0,15.0,1.0,,
321,U.S.S.R.-Israel,Single_Similar_And (SSA),llama2_13B,1.5,5.0,12.0,-7.0,,
322,England-Ireland,Single_Similar_And (SSA),llama2_13B,1.5,15.0,15.0,0.0,,
323,Germany-Austria,Single_Similar_And (SSA),llama2_13B,1.5,17.0,15.0,2.0,,
324,U.S.S.R.-France,Single_Similar_And (SSA),llama2_13B,1.5,8.0,5.0,3.0,,
325,Belgium-Luxembourg,Single_Similar_And (SSA),llama2_13B,1.5,14.0,15.0,-1.0,,
326,U.S.A.-U.S.S.R.,Single_Similar_And (SSA),llama2_13B,1.5,10.0,3.0,7.0,,
327,China-North Korea,Single_Similar_And (SSA),llama2_13B,1.5,14.0,18.0,-4.0,,
328,India-Sri Lanka,Single_Similar_And (SSA),llama2_13B,1.5,15.0,15.0,0.0,,
329,U.S.A.-France,Single_Similar_And (SSA),llama2_13B,1.5,15.0,15.0,0.0,,
330,U.S.S.R.-Cuba,Single_Similar_And (SSA),llama2_13B,1.5,15.0,15.0,0.0,,
331,England-Jordan,Single_Similar_And (SSA),llama2_13B,1.5,6.0,12.0,-6.0,,
332,France-Israel,Single_Similar_And (SSA),llama2_13B,1.5,12.0,12.0,0.0,,
333,U.S.A.-Germany,Single_Similar_And (SSA),llama2_13B,1.5,14.0,15.0,-1.0,,
334,U.S.S.R.-Syria,Single_Similar_And (SSA),llama2_13B,1.5,4.0,0.0,4.0,,
335,France-Algeria,Single_Similar_And (SSA),llama2_13B,1.5,12.0,14.0,-2.0,,
336,U.S.A.-Mexico,Single_Similar_And (SSA),llama2_70B,0.001,10.0,10.0,0.0,,
337,U.S.S.R.-Poland,Single_Similar_And (SSA),llama2_70B,0.001,10.0,12.0,-2.0,,
338,China-Albania,Single_Similar_And (SSA),llama2_70B,0.001,5.0,5.0,0.0,,
339,U.S.A.-Israel,Single_Similar_And (SSA),llama2_70B,0.001,15.0,15.0,0.0,,
340,Japan-Philippines,Single_Similar_And (SSA),llama2_70B,0.001,10.0,10.0,0.0,,
341,U.S.A.-Canada,Single_Similar_And (SSA),llama2_70B,0.001,15.0,15.0,0.0,,
342,U.S.S.R.-Israel,Single_Similar_And (SSA),llama2_70B,0.001,10.0,12.0,-2.0,,
343,England-Ireland,Single_Similar_And (SSA),llama2_70B,0.001,12.0,10.0,2.0,,
344,Germany-Austria,Single_Similar_And (SSA),llama2_70B,0.001,17.0,17.0,0.0,,
345,U.S.S.R.-France,Single_Similar_And (SSA),llama2_70B,0.001,10.0,10.0,0.0,,
346,Belgium-Luxembourg,Single_Similar_And (SSA),llama2_70B,0.001,17.0,17.0,0.0,,
347,U.S.A.-U.S.S.R.,Single_Similar_And (SSA),llama2_70B,0.001,10.0,10.0,0.0,,
348,China-North Korea,Single_Similar_And (SSA),llama2_70B,0.001,12.0,12.0,0.0,,
349,India-Sri Lanka,Single_Similar_And (SSA),llama2_70B,0.001,17.0,17.0,0.0,,
350,U.S.A.-France,Single_Similar_And (SSA),llama2_70B,0.001,10.0,10.0,0.0,,
351,U.S.S.R.-Cuba,Single_Similar_And (SSA),llama2_70B,0.001,15.0,12.0,3.0,,
352,England-Jordan,Single_Similar_And (SSA),llama2_70B,0.001,10.0,10.0,0.0,,
353,France-Israel,Single_Similar_And (SSA),llama2_70B,0.001,10.0,12.0,-2.0,,
354,U.S.A.-Germany,Single_Similar_And (SSA),llama2_70B,0.001,10.0,12.0,-2.0,,
355,U.S.S.R.-Syria,Single_Similar_And (SSA),llama2_70B,0.001,12.0,5.0,7.0,,
356,France-Algeria,Single_Similar_And (SSA),llama2_70B,0.001,10.0,10.0,0.0,,
357,U.S.A.-Mexico,Single_Similar_And (SSA),llama2_70B,0.5,10.0,10.0,0.0,,
358,U.S.S.R.-Poland,Single_Similar_And (SSA),llama2_70B,0.5,10.0,12.0,-2.0,,
359,China-Albania,Single_Similar_And (SSA),llama2_70B,0.5,5.0,12.0,-7.0,,
360,U.S.A.-Israel,Single_Similar_And (SSA),llama2_70B,0.5,12.0,15.0,-3.0,,
361,Japan-Philippines,Single_Similar_And (SSA),llama2_70B,0.5,12.0,15.0,-3.0,,
362,U.S.A.-Canada,Single_Similar_And (SSA),llama2_70B,0.5,15.0,15.0,0.0,,
363,U.S.S.R.-Israel,Single_Similar_And (SSA),llama2_70B,0.5,10.0,12.0,-2.0,,
364,England-Ireland,Single_Similar_And (SSA),llama2_70B,0.5,12.0,10.0,2.0,,
365,Germany-Austria,Single_Similar_And (SSA),llama2_70B,0.5,17.0,15.0,2.0,,
366,U.S.S.R.-France,Single_Similar_And (SSA),llama2_70B,0.5,10.0,10.0,0.0,,
367,Belgium-Luxembourg,Single_Similar_And (SSA),llama2_70B,0.5,18.0,17.0,1.0,,
368,U.S.A.-U.S.S.R.,Single_Similar_And (SSA),llama2_70B,0.5,5.0,10.0,-5.0,,
369,China-North Korea,Single_Similar_And (SSA),llama2_70B,0.5,12.0,12.0,0.0,,
370,India-Sri Lanka,Single_Similar_And (SSA),llama2_70B,0.5,15.0,17.0,-2.0,,
371,U.S.A.-France,Single_Similar_And (SSA),llama2_70B,0.5,10.0,12.0,-2.0,,
372,U.S.S.R.-Cuba,Single_Similar_And (SSA),llama2_70B,0.5,15.0,12.0,3.0,,
373,England-Jordan,Single_Similar_And (SSA),llama2_70B,0.5,10.0,10.0,0.0,,
374,France-Israel,Single_Similar_And (SSA),llama2_70B,0.5,10.0,12.0,-2.0,,
375,U.S.A.-Germany,Single_Similar_And (SSA),llama2_70B,0.5,10.0,15.0,-5.0,,
376,U.S.S.R.-Syria,Single_Similar_And (SSA),llama2_70B,0.5,5.0,12.0,-7.0,,
377,France-Algeria,Single_Similar_And (SSA),llama2_70B,0.5,12.0,10.0,2.0,,
378,U.S.A.-Mexico,Single_Similar_And (SSA),llama2_70B,1.0,10.0,12.0,-2.0,,
379,U.S.S.R.-Poland,Single_Similar_And (SSA),llama2_70B,1.0,12.0,12.0,0.0,,
380,China-Albania,Single_Similar_And (SSA),llama2_70B,1.0,5.0,12.0,-7.0,,
381,U.S.A.-Israel,Single_Similar_And (SSA),llama2_70B,1.0,15.0,15.0,0.0,,
382,Japan-Philippines,Single_Similar_And (SSA),llama2_70B,1.0,10.0,10.0,0.0,,
383,U.S.A.-Canada,Single_Similar_And (SSA),llama2_70B,1.0,15.0,15.0,0.0,,
384,U.S.S.R.-Israel,Single_Similar_And (SSA),llama2_70B,1.0,12.0,5.0,7.0,,
385,England-Ireland,Single_Similar_And (SSA),llama2_70B,1.0,15.0,10.0,5.0,,
386,Germany-Austria,Single_Similar_And (SSA),llama2_70B,1.0,18.0,15.0,3.0,,
387,U.S.S.R.-France,Single_Similar_And (SSA),llama2_70B,1.0,10.0,5.0,5.0,,
388,Belgium-Luxembourg,Single_Similar_And (SSA),llama2_70B,1.0,17.0,15.0,2.0,,
389,U.S.A.-U.S.S.R.,Single_Similar_And (SSA),llama2_70B,1.0,10.0,10.0,0.0,,
390,China-North Korea,Single_Similar_And (SSA),llama2_70B,1.0,12.0,15.0,-3.0,,
391,India-Sri Lanka,Single_Similar_And (SSA),llama2_70B,1.0,12.0,12.0,0.0,,
392,U.S.A.-France,Single_Similar_And (SSA),llama2_70B,1.0,10.0,12.0,-2.0,,
393,U.S.S.R.-Cuba,Single_Similar_And (SSA),llama2_70B,1.0,12.0,12.0,0.0,,
394,England-Jordan,Single_Similar_And (SSA),llama2_70B,1.0,10.0,10.0,0.0,,
395,France-Israel,Single_Similar_And (SSA),llama2_70B,1.0,12.0,12.0,0.0,,
396,U.S.A.-Germany,Single_Similar_And (SSA),llama2_70B,1.0,10.0,12.0,-2.0,,
397,U.S.S.R.-Syria,Single_Similar_And (SSA),llama2_70B,1.0,5.0,12.0,-7.0,,
398,France-Algeria,Single_Similar_And (SSA),llama2_70B,1.0,12.0,10.0,2.0,,
399,U.S.A.-Mexico,Single_Similar_And (SSA),llama2_70B,1.5,10.0,15.0,-5.0,,
400,U.S.S.R.-Poland,Single_Similar_And (SSA),llama2_70B,1.5,10.0,5.0,5.0,,
401,China-Albania,Single_Similar_And (SSA),llama2_70B,1.5,10.0,12.0,-2.0,,
402,U.S.A.-Israel,Single_Similar_And (SSA),llama2_70B,1.5,15.0,17.0,-2.0,,
403,Japan-Philippines,Single_Similar_And (SSA),llama2_70B,1.5,10.0,12.0,-2.0,,
404,U.S.A.-Canada,Single_Similar_And (SSA),llama2_70B,1.5,15.0,17.0,-2.0,,
405,U.S.S.R.-Israel,Single_Similar_And (SSA),llama2_70B,1.5,12.0,5.0,7.0,,
406,England-Ireland,Single_Similar_And (SSA),llama2_70B,1.5,10.0,10.0,0.0,,
407,Germany-Austria,Single_Similar_And (SSA),llama2_70B,1.5,18.0,15.0,3.0,,
408,U.S.S.R.-France,Single_Similar_And (SSA),llama2_70B,1.5,10.0,10.0,0.0,,
409,Belgium-Luxembourg,Single_Similar_And (SSA),llama2_70B,1.5,15.0,15.0,0.0,,
410,U.S.A.-U.S.S.R.,Single_Similar_And (SSA),llama2_70B,1.5,12.0,5.0,7.0,,
411,China-North Korea,Single_Similar_And (SSA),llama2_70B,1.5,12.0,15.0,-3.0,,
412,India-Sri Lanka,Single_Similar_And (SSA),llama2_70B,1.5,12.0,17.0,-5.0,,
413,U.S.A.-France,Single_Similar_And (SSA),llama2_70B,1.5,10.0,10.0,0.0,,
414,U.S.S.R.-Cuba,Single_Similar_And (SSA),llama2_70B,1.5,15.0,12.0,3.0,,
415,England-Jordan,Single_Similar_And (SSA),llama2_70B,1.5,10.0,12.0,-2.0,,
416,France-Israel,Single_Similar_And (SSA),llama2_70B,1.5,10.0,10.0,0.0,,
417,U.S.A.-Germany,Single_Similar_And (SSA),llama2_70B,1.5,12.0,10.0,2.0,,
418,U.S.S.R.-Syria,Single_Similar_And (SSA),llama2_70B,1.5,12.0,12.0,0.0,,
419,France-Algeria,Single_Similar_And (SSA),llama2_70B,1.5,10.0,10.0,0.0,,
420,U.S.A.-Mexico,Single_Similar_And (SSA),llama3_70B,0.001,12.0,14.0,-2.0,,[]
421,U.S.S.R.-Poland,Single_Similar_And (SSA),llama3_70B,0.001,12.0,4.0,8.0,,[]
422,China-Albania,Single_Similar_And (SSA),llama3_70B,0.001,4.0,4.0,0.0,,[]
423,U.S.A.-Israel,Single_Similar_And (SSA),llama3_70B,0.001,12.0,14.0,-2.0,,[]
424,Japan-Philippines,Single_Similar_And (SSA),llama3_70B,0.001,12.0,12.0,0.0,,[]
425,U.S.A.-Canada,Single_Similar_And (SSA),llama3_70B,0.001,16.0,16.0,0.0,,[]
426,U.S.S.R.-Israel,Single_Similar_And (SSA),llama3_70B,0.001,2.0,4.0,-2.0,,[]
427,England-Ireland,Single_Similar_And (SSA),llama3_70B,0.001,14.0,14.0,0.0,,[]
428,Germany-Austria,Single_Similar_And (SSA),llama3_70B,0.001,17.0,17.0,0.0,,[]
429,U.S.S.R.-France,Single_Similar_And (SSA),llama3_70B,0.001,4.0,4.0,0.0,,[]
430,Belgium-Luxembourg,Single_Similar_And (SSA),llama3_70B,0.001,17.0,17.0,0.0,,[]
431,U.S.A.-U.S.S.R.,Single_Similar_And (SSA),llama3_70B,0.001,4.0,6.0,-2.0,,[]
432,China-North Korea,Single_Similar_And (SSA),llama3_70B,0.001,14.0,14.0,0.0,,[]
433,India-Sri Lanka,Single_Similar_And (SSA),llama3_70B,0.001,16.0,14.0,2.0,,[]
434,U.S.A.-France,Single_Similar_And (SSA),llama3_70B,0.001,12.0,12.0,0.0,,[]
435,U.S.S.R.-Cuba,Single_Similar_And (SSA),llama3_70B,0.001,16.0,4.0,12.0,,[]
436,England-Jordan,Single_Similar_And (SSA),llama3_70B,0.001,4.0,4.0,0.0,,[]
437,France-Israel,Single_Similar_And (SSA),llama3_70B,0.001,6.0,12.0,-6.0,,[]
438,U.S.A.-Germany,Single_Similar_And (SSA),llama3_70B,0.001,12.0,14.0,-2.0,,[]
439,U.S.S.R.-Syria,Single_Similar_And (SSA),llama3_70B,0.001,6.0,4.0,2.0,,[]
440,France-Algeria,Single_Similar_And (SSA),llama3_70B,0.001,12.0,14.0,-2.0,,[]
441,U.S.A.-Mexico,Single_Similar_And (SSA),llama3_70B,0.5,14.0,14.0,0.0,,[]
442,U.S.S.R.-Poland,Single_Similar_And (SSA),llama3_70B,0.5,8.0,6.0,2.0,,[]
443,China-Albania,Single_Similar_And (SSA),llama3_70B,0.5,4.0,4.0,0.0,,[]
444,U.S.A.-Israel,Single_Similar_And (SSA),llama3_70B,0.5,12.0,14.0,-2.0,,[]
445,Japan-Philippines,Single_Similar_And (SSA),llama3_70B,0.5,12.0,12.0,0.0,,[]
446,U.S.A.-Canada,Single_Similar_And (SSA),llama3_70B,0.5,16.0,17.0,-1.0,,[]
447,U.S.S.R.-Israel,Single_Similar_And (SSA),llama3_70B,0.5,2.0,4.0,-2.0,,[]
448,England-Ireland,Single_Similar_And (SSA),llama3_70B,0.5,14.0,14.0,0.0,,[]
449,Germany-Austria,Single_Similar_And (SSA),llama3_70B,0.5,17.0,17.0,0.0,,[]
450,U.S.S.R.-France,Single_Similar_And (SSA),llama3_70B,0.5,4.0,4.0,0.0,,[]
451,Belgium-Luxembourg,Single_Similar_And (SSA),llama3_70B,0.5,17.0,17.0,0.0,,[]
452,U.S.A.-U.S.S.R.,Single_Similar_And (SSA),llama3_70B,0.5,4.0,6.0,-2.0,,[]
453,China-North Korea,Single_Similar_And (SSA),llama3_70B,0.5,16.0,14.0,2.0,,[]
454,India-Sri Lanka,Single_Similar_And (SSA),llama3_70B,0.5,16.0,14.0,2.0,,[]
455,U.S.A.-France,Single_Similar_And (SSA),llama3_70B,0.5,12.0,12.0,0.0,,[]
456,U.S.S.R.-Cuba,Single_Similar_And (SSA),llama3_70B,0.5,16.0,4.0,12.0,,[]
457,England-Jordan,Single_Similar_And (SSA),llama3_70B,0.5,4.0,4.0,0.0,,[]
458,France-Israel,Single_Similar_And (SSA),llama3_70B,0.5,6.0,12.0,-6.0,,[]
459,U.S.A.-Germany,Single_Similar_And (SSA),llama3_70B,0.5,12.0,14.0,-2.0,,[]
460,U.S.S.R.-Syria,Single_Similar_And (SSA),llama3_70B,0.5,6.0,4.0,2.0,,[]
461,France-Algeria,Single_Similar_And (SSA),llama3_70B,0.5,12.0,14.0,-2.0,,[]
462,U.S.A.-Mexico,Single_Similar_And (SSA),llama3_70B,1.0,12.0,14.0,-2.0,,[]
463,U.S.S.R.-Poland,Single_Similar_And (SSA),llama3_70B,1.0,6.0,4.0,2.0,,[]
464,China-Albania,Single_Similar_And (SSA),llama3_70B,1.0,4.0,4.0,0.0,,[]
465,U.S.A.-Israel,Single_Similar_And (SSA),llama3_70B,1.0,14.0,14.0,0.0,,[]
466,Japan-Philippines,Single_Similar_And (SSA),llama3_70B,1.0,8.0,12.0,-4.0,,[]
467,U.S.A.-Canada,Single_Similar_And (SSA),llama3_70B,1.0,14.0,17.0,-3.0,,[]
468,U.S.S.R.-Israel,Single_Similar_And (SSA),llama3_70B,1.0,2.0,4.0,-2.0,,[]
469,England-Ireland,Single_Similar_And (SSA),llama3_70B,1.0,14.0,14.0,0.0,,[]
470,Germany-Austria,Single_Similar_And (SSA),llama3_70B,1.0,17.0,17.0,0.0,,[]
471,U.S.S.R.-France,Single_Similar_And (SSA),llama3_70B,1.0,4.0,4.0,0.0,,[]
472,Belgium-Luxembourg,Single_Similar_And (SSA),llama3_70B,1.0,17.0,17.0,0.0,,[]
473,U.S.A.-U.S.S.R.,Single_Similar_And (SSA),llama3_70B,1.0,4.0,12.0,-8.0,,[]
474,China-North Korea,Single_Similar_And (SSA),llama3_70B,1.0,15.0,15.0,0.0,,[]
475,India-Sri Lanka,Single_Similar_And (SSA),llama3_70B,1.0,16.0,14.0,2.0,,[]
476,U.S.A.-France,Single_Similar_And (SSA),llama3_70B,1.0,12.0,12.0,0.0,,[]
477,U.S.S.R.-Cuba,Single_Similar_And (SSA),llama3_70B,1.0,16.0,6.0,10.0,,[]
478,England-Jordan,Single_Similar_And (SSA),llama3_70B,1.0,4.0,4.0,0.0,,[]
479,France-Israel,Single_Similar_And (SSA),llama3_70B,1.0,6.0,12.0,-6.0,,[]
480,U.S.A.-Germany,Single_Similar_And (SSA),llama3_70B,1.0,12.0,14.0,-2.0,,[]
481,U.S.S.R.-Syria,Single_Similar_And (SSA),llama3_70B,1.0,4.0,6.0,-2.0,,[]
482,France-Algeria,Single_Similar_And (SSA),llama3_70B,1.0,12.0,14.0,-2.0,,[]
483,U.S.A.-Mexico,Single_Similar_And (SSA),llama3_70B,1.5,12.0,14.0,-2.0,,[]
484,U.S.S.R.-Poland,Single_Similar_And (SSA),llama3_70B,1.5,12.0,6.0,6.0,,[]
485,China-Albania,Single_Similar_And (SSA),llama3_70B,1.5,4.0,4.0,0.0,,[]
486,U.S.A.-Israel,Single_Similar_And (SSA),llama3_70B,1.5,12.0,14.0,-2.0,,[]
487,Japan-Philippines,Single_Similar_And (SSA),llama3_70B,1.5,12.0,12.0,0.0,,[]
488,U.S.A.-Canada,Single_Similar_And (SSA),llama3_70B,1.5,14.0,17.0,-3.0,,[]
489,U.S.S.R.-Israel,Single_Similar_And (SSA),llama3_70B,1.5,4.0,6.0,-2.0,,[]
490,England-Ireland,Single_Similar_And (SSA),llama3_70B,1.5,16.0,14.0,2.0,,[]
491,Germany-Austria,Single_Similar_And (SSA),llama3_70B,1.5,17.0,16.0,1.0,,[]
492,U.S.S.R.-France,Single_Similar_And (SSA),llama3_70B,1.5,4.0,4.0,0.0,,[]
493,Belgium-Luxembourg,Single_Similar_And (SSA),llama3_70B,1.5,16.0,16.0,0.0,,[]
494,U.S.A.-U.S.S.R.,Single_Similar_And (SSA),llama3_70B,1.5,4.0,12.0,-8.0,,[]
495,China-North Korea,Single_Similar_And (SSA),llama3_70B,1.5,16.0,16.0,0.0,,[]
496,India-Sri Lanka,Single_Similar_And (SSA),llama3_70B,1.5,16.0,16.0,0.0,,[]
497,U.S.A.-France,Single_Similar_And (SSA),llama3_70B,1.5,12.0,12.0,0.0,,[]
498,U.S.S.R.-Cuba,Single_Similar_And (SSA),llama3_70B,1.5,14.0,6.0,8.0,,[]
499,England-Jordan,Single_Similar_And (SSA),llama3_70B,1.5,2.0,4.0,-2.0,,[]
500,France-Israel,Single_Similar_And (SSA),llama3_70B,1.5,6.0,10.0,-4.0,,[]
501,U.S.A.-Germany,Single_Similar_And (SSA),llama3_70B,1.5,12.0,14.0,-2.0,,[]
502,U.S.S.R.-Syria,Single_Similar_And (SSA),llama3_70B,1.5,6.0,4.0,2.0,,[]
503,France-Algeria,Single_Similar_And (SSA),llama3_70B,1.5,12.0,14.0,-2.0,,[]
504,U.S.A.-Mexico,Single_Similar_And (SSA),gpt-3.5-turbo,0.001,15.0,15.0,0.0,,
505,U.S.S.R.-Poland,Single_Similar_And (SSA),gpt-3.5-turbo,0.001,15.0,10.0,5.0,,
506,China-Albania,Single_Similar_And (SSA),gpt-3.5-turbo,0.001,5.0,5.0,0.0,,
507,U.S.A.-Israel,Single_Similar_And (SSA),gpt-3.5-turbo,0.001,15.0,15.0,0.0,,
508,Japan-Philippines,Single_Similar_And (SSA),gpt-3.5-turbo,0.001,15.0,15.0,0.0,,
509,U.S.A.-Canada,Single_Similar_And (SSA),gpt-3.5-turbo,0.001,18.0,18.0,0.0,,
510,U.S.S.R.-Israel,Single_Similar_And (SSA),gpt-3.5-turbo,0.001,5.0,5.0,0.0,,
511,England-Ireland,Single_Similar_And (SSA),gpt-3.5-turbo,0.001,15.0,15.0,0.0,,
512,Germany-Austria,Single_Similar_And (SSA),gpt-3.5-turbo,0.001,18.0,18.0,0.0,,
513,U.S.S.R.-France,Single_Similar_And (SSA),gpt-3.5-turbo,0.001,10.0,5.0,5.0,,
514,Belgium-Luxembourg,Single_Similar_And (SSA),gpt-3.5-turbo,0.001,18.0,15.0,3.0,,
515,U.S.A.-U.S.S.R.,Single_Similar_And (SSA),gpt-3.5-turbo,0.001,15.0,10.0,5.0,,
516,China-North Korea,Single_Similar_And (SSA),gpt-3.5-turbo,0.001,15.0,15.0,0.0,,
517,India-Sri Lanka,Single_Similar_And (SSA),gpt-3.5-turbo,0.001,15.0,15.0,0.0,,
518,U.S.A.-France,Single_Similar_And (SSA),gpt-3.5-turbo,0.001,15.0,15.0,0.0,,
519,U.S.S.R.-Cuba,Single_Similar_And (SSA),gpt-3.5-turbo,0.001,15.0,15.0,0.0,,
520,England-Jordan,Single_Similar_And (SSA),gpt-3.5-turbo,0.001,5.0,15.0,-10.0,,
521,France-Israel,Single_Similar_And (SSA),gpt-3.5-turbo,0.001,10.0,12.0,-2.0,,
522,U.S.A.-Germany,Single_Similar_And (SSA),gpt-3.5-turbo,0.001,15.0,15.0,0.0,,
523,U.S.S.R.-Syria,Single_Similar_And (SSA),gpt-3.5-turbo,0.001,5.0,10.0,-5.0,,
524,France-Algeria,Single_Similar_And (SSA),gpt-3.5-turbo,0.001,15.0,15.0,0.0,,
525,U.S.A.-Mexico,Single_Similar_And (SSA),gpt-3.5-turbo,0.5,15.0,15.0,0.0,,
526,U.S.S.R.-Poland,Single_Similar_And (SSA),gpt-3.5-turbo,0.5,15.0,10.0,5.0,,
527,China-Albania,Single_Similar_And (SSA),gpt-3.5-turbo,0.5,5.0,5.0,0.0,,
528,U.S.A.-Israel,Single_Similar_And (SSA),gpt-3.5-turbo,0.5,15.0,15.0,0.0,,
529,Japan-Philippines,Single_Similar_And (SSA),gpt-3.5-turbo,0.5,15.0,15.0,0.0,,
530,U.S.A.-Canada,Single_Similar_And (SSA),gpt-3.5-turbo,0.5,18.0,18.0,0.0,,
531,U.S.S.R.-Israel,Single_Similar_And (SSA),gpt-3.5-turbo,0.5,5.0,5.0,0.0,,
532,England-Ireland,Single_Similar_And (SSA),gpt-3.5-turbo,0.5,15.0,15.0,0.0,,
533,Germany-Austria,Single_Similar_And (SSA),gpt-3.5-turbo,0.5,18.0,18.0,0.0,,
534,U.S.S.R.-France,Single_Similar_And (SSA),gpt-3.5-turbo,0.5,10.0,5.0,5.0,,
535,Belgium-Luxembourg,Single_Similar_And (SSA),gpt-3.5-turbo,0.5,15.0,15.0,0.0,,
536,U.S.A.-U.S.S.R.,Single_Similar_And (SSA),gpt-3.5-turbo,0.5,15.0,10.0,5.0,,
537,China-North Korea,Single_Similar_And (SSA),gpt-3.5-turbo,0.5,15.0,15.0,0.0,,
538,India-Sri Lanka,Single_Similar_And (SSA),gpt-3.5-turbo,0.5,15.0,15.0,0.0,,
539,U.S.A.-France,Single_Similar_And (SSA),gpt-3.5-turbo,0.5,15.0,15.0,0.0,,
540,U.S.S.R.-Cuba,Single_Similar_And (SSA),gpt-3.5-turbo,0.5,15.0,15.0,0.0,,
541,England-Jordan,Single_Similar_And (SSA),gpt-3.5-turbo,0.5,5.0,10.0,-5.0,,
542,France-Israel,Single_Similar_And (SSA),gpt-3.5-turbo,0.5,10.0,15.0,-5.0,,
543,U.S.A.-Germany,Single_Similar_And (SSA),gpt-3.5-turbo,0.5,15.0,15.0,0.0,,
544,U.S.S.R.-Syria,Single_Similar_And (SSA),gpt-3.5-turbo,0.5,5.0,15.0,-10.0,,
545,France-Algeria,Single_Similar_And (SSA),gpt-3.5-turbo,0.5,15.0,15.0,0.0,,
546,U.S.A.-Mexico,Single_Similar_And (SSA),gpt-3.5-turbo,1.0,15.0,15.0,0.0,,
547,U.S.S.R.-Poland,Single_Similar_And (SSA),gpt-3.5-turbo,1.0,15.0,10.0,5.0,,
548,China-Albania,Single_Similar_And (SSA),gpt-3.5-turbo,1.0,5.0,5.0,0.0,,
549,U.S.A.-Israel,Single_Similar_And (SSA),gpt-3.5-turbo,1.0,15.0,15.0,0.0,,
550,Japan-Philippines,Single_Similar_And (SSA),gpt-3.5-turbo,1.0,10.0,15.0,-5.0,,
551,U.S.A.-Canada,Single_Similar_And (SSA),gpt-3.5-turbo,1.0,18.0,18.0,0.0,,
552,U.S.S.R.-Israel,Single_Similar_And (SSA),gpt-3.5-turbo,1.0,5.0,5.0,0.0,,
553,England-Ireland,Single_Similar_And (SSA),gpt-3.5-turbo,1.0,15.0,15.0,0.0,,
554,Germany-Austria,Single_Similar_And (SSA),gpt-3.5-turbo,1.0,18.0,18.0,0.0,,
555,U.S.S.R.-France,Single_Similar_And (SSA),gpt-3.5-turbo,1.0,10.0,5.0,5.0,,
556,Belgium-Luxembourg,Single_Similar_And (SSA),gpt-3.5-turbo,1.0,17.0,15.0,2.0,,
557,U.S.A.-U.S.S.R.,Single_Similar_And (SSA),gpt-3.5-turbo,1.0,10.0,6.0,4.0,,
558,China-North Korea,Single_Similar_And (SSA),gpt-3.5-turbo,1.0,15.0,15.0,0.0,,
559,India-Sri Lanka,Single_Similar_And (SSA),gpt-3.5-turbo,1.0,17.0,15.0,2.0,,
560,U.S.A.-France,Single_Similar_And (SSA),gpt-3.5-turbo,1.0,15.0,14.0,1.0,,
561,U.S.S.R.-Cuba,Single_Similar_And (SSA),gpt-3.5-turbo,1.0,16.0,15.0,1.0,,
562,England-Jordan,Single_Similar_And (SSA),gpt-3.5-turbo,1.0,5.0,18.0,-13.0,,
563,France-Israel,Single_Similar_And (SSA),gpt-3.5-turbo,1.0,10.0,12.0,-2.0,,
564,U.S.A.-Germany,Single_Similar_And (SSA),gpt-3.5-turbo,1.0,15.0,15.0,0.0,,
565,U.S.S.R.-Syria,Single_Similar_And (SSA),gpt-3.5-turbo,1.0,5.0,15.0,-10.0,,
566,France-Algeria,Single_Similar_And (SSA),gpt-3.5-turbo,1.0,12.0,15.0,-3.0,,
567,U.S.A.-Mexico,Single_Similar_And (SSA),gpt-3.5-turbo,1.5,16.0,15.0,1.0,,
568,U.S.S.R.-Poland,Single_Similar_And (SSA),gpt-3.5-turbo,1.5,15.0,15.0,0.0,,
569,China-Albania,Single_Similar_And (SSA),gpt-3.5-turbo,1.5,6.0,5.0,1.0,,
570,U.S.A.-Israel,Single_Similar_And (SSA),gpt-3.5-turbo,1.5,8.0,16.0,-8.0,,
571,Japan-Philippines,Single_Similar_And (SSA),gpt-3.5-turbo,1.5,10.0,16.0,-6.0,,
572,U.S.A.-Canada,Single_Similar_And (SSA),gpt-3.5-turbo,1.5,18.0,15.0,3.0,,
573,U.S.S.R.-Israel,Single_Similar_And (SSA),gpt-3.5-turbo,1.5,5.0,5.0,0.0,,
574,England-Ireland,Single_Similar_And (SSA),gpt-3.5-turbo,1.5,15.0,10.0,5.0,,
575,Germany-Austria,Single_Similar_And (SSA),gpt-3.5-turbo,1.5,18.0,18.0,0.0,,
576,U.S.S.R.-France,Single_Similar_And (SSA),gpt-3.5-turbo,1.5,8.0,10.0,-2.0,,
577,Belgium-Luxembourg,Single_Similar_And (SSA),gpt-3.5-turbo,1.5,16.0,16.0,0.0,,
578,U.S.A.-U.S.S.R.,Single_Similar_And (SSA),gpt-3.5-turbo,1.5,10.0,10.0,0.0,,
579,China-North Korea,Single_Similar_And (SSA),gpt-3.5-turbo,1.5,15.0,15.0,0.0,,
580,India-Sri Lanka,Single_Similar_And (SSA),gpt-3.5-turbo,1.5,15.0,15.0,0.0,,
581,U.S.A.-France,Single_Similar_And (SSA),gpt-3.5-turbo,1.5,15.0,10.0,5.0,,
582,U.S.S.R.-Cuba,Single_Similar_And (SSA),gpt-3.5-turbo,1.5,18.0,15.0,3.0,,
583,England-Jordan,Single_Similar_And (SSA),gpt-3.5-turbo,1.5,5.0,15.0,-10.0,,
584,France-Israel,Single_Similar_And (SSA),gpt-3.5-turbo,1.5,12.0,12.0,0.0,,
585,U.S.A.-Germany,Single_Similar_And (SSA),gpt-3.5-turbo,1.5,15.0,16.0,-1.0,,
586,U.S.S.R.-Syria,Single_Similar_And (SSA),gpt-3.5-turbo,1.5,5.0,10.0,-5.0,,
587,France-Algeria,Single_Similar_And (SSA),gpt-3.5-turbo,1.5,16.0,15.0,1.0,,
588,U.S.A.-Mexico,Single_Similar_And (SSA),gpt-4,0.001,10.0,10.0,0.0,,
589,U.S.S.R.-Poland,Single_Similar_And (SSA),gpt-4,0.001,5.0,5.0,0.0,,
590,China-Albania,Single_Similar_And (SSA),gpt-4,0.001,5.0,5.0,0.0,,
591,U.S.A.-Israel,Single_Similar_And (SSA),gpt-4,0.001,10.0,12.0,-2.0,,
592,Japan-Philippines,Single_Similar_And (SSA),gpt-4,0.001,7.0,,,,
593,U.S.A.-Canada,Single_Similar_And (SSA),gpt-4,0.001,15.0,15.0,0.0,,
594,U.S.S.R.-Israel,Single_Similar_And (SSA),gpt-4,0.001,5.0,5.0,0.0,,
595,England-Ireland,Single_Similar_And (SSA),gpt-4,0.001,10.0,15.0,-5.0,,
596,Germany-Austria,Single_Similar_And (SSA),gpt-4,0.001,15.0,15.0,0.0,,
597,U.S.S.R.-France,Single_Similar_And (SSA),gpt-4,0.001,5.0,5.0,0.0,,
598,Belgium-Luxembourg,Single_Similar_And (SSA),gpt-4,0.001,15.0,15.0,0.0,,
599,U.S.A.-U.S.S.R.,Single_Similar_And (SSA),gpt-4,0.001,10.0,5.0,5.0,,
600,China-North Korea,Single_Similar_And (SSA),gpt-4,0.001,12.0,12.0,0.0,,
601,India-Sri Lanka,Single_Similar_And (SSA),gpt-4,0.001,12.0,15.0,-3.0,,
602,U.S.A.-France,Single_Similar_And (SSA),gpt-4,0.001,10.0,10.0,0.0,,
603,U.S.S.R.-Cuba,Single_Similar_And (SSA),gpt-4,0.001,12.0,12.0,0.0,,
604,England-Jordan,Single_Similar_And (SSA),gpt-4,0.001,5.0,0.0,5.0,,
605,France-Israel,Single_Similar_And (SSA),gpt-4,0.001,7.0,7.0,0.0,,
606,U.S.A.-Germany,Single_Similar_And (SSA),gpt-4,0.001,10.0,12.0,-2.0,,
607,U.S.S.R.-Syria,Single_Similar_And (SSA),gpt-4,0.001,5.0,5.0,0.0,,
608,France-Algeria,Single_Similar_And (SSA),gpt-4,0.001,7.0,7.0,0.0,,
609,U.S.A.-Mexico,Single_Similar_And (SSA),gpt-4,0.5,10.0,10.0,0.0,,
610,U.S.S.R.-Poland,Single_Similar_And (SSA),gpt-4,0.5,5.0,7.0,-2.0,,
611,China-Albania,Single_Similar_And (SSA),gpt-4,0.5,5.0,5.0,0.0,,
612,U.S.A.-Israel,Single_Similar_And (SSA),gpt-4,0.5,12.0,12.0,0.0,,
613,Japan-Philippines,Single_Similar_And (SSA),gpt-4,0.5,7.0,7.0,0.0,,
614,U.S.A.-Canada,Single_Similar_And (SSA),gpt-4,0.5,15.0,15.0,0.0,,
615,U.S.S.R.-Israel,Single_Similar_And (SSA),gpt-4,0.5,2.0,5.0,-3.0,,
616,England-Ireland,Single_Similar_And (SSA),gpt-4,0.5,15.0,15.0,0.0,,
617,Germany-Austria,Single_Similar_And (SSA),gpt-4,0.5,15.0,15.0,0.0,,
618,U.S.S.R.-France,Single_Similar_And (SSA),gpt-4,0.5,5.0,5.0,0.0,,
619,Belgium-Luxembourg,Single_Similar_And (SSA),gpt-4,0.5,15.0,15.0,0.0,,
620,U.S.A.-U.S.S.R.,Single_Similar_And (SSA),gpt-4,0.5,10.0,5.0,5.0,,
621,China-North Korea,Single_Similar_And (SSA),gpt-4,0.5,10.0,7.0,3.0,,
622,India-Sri Lanka,Single_Similar_And (SSA),gpt-4,0.5,,14.0,,,
623,U.S.A.-France,Single_Similar_And (SSA),gpt-4,0.5,10.0,10.0,0.0,,
624,U.S.S.R.-Cuba,Single_Similar_And (SSA),gpt-4,0.5,12.0,12.0,0.0,,
625,England-Jordan,Single_Similar_And (SSA),gpt-4,0.5,5.0,1.0,4.0,,
626,France-Israel,Single_Similar_And (SSA),gpt-4,0.5,7.0,7.0,0.0,,
627,U.S.A.-Germany,Single_Similar_And (SSA),gpt-4,0.5,,12.0,,,
628,U.S.S.R.-Syria,Single_Similar_And (SSA),gpt-4,0.5,3.0,4.0,-1.0,,
629,France-Algeria,Single_Similar_And (SSA),gpt-4,0.5,7.0,5.0,2.0,,
630,U.S.A.-Mexico,Single_Similar_And (SSA),gpt-4,1.0,8.0,10.0,-2.0,,
631,U.S.S.R.-Poland,Single_Similar_And (SSA),gpt-4,1.0,5.0,5.0,0.0,,
632,China-Albania,Single_Similar_And (SSA),gpt-4,1.0,8.0,5.0,3.0,,
633,U.S.A.-Israel,Single_Similar_And (SSA),gpt-4,1.0,10.0,12.0,-2.0,,
634,Japan-Philippines,Single_Similar_And (SSA),gpt-4,1.0,8.0,7.0,1.0,,
635,U.S.A.-Canada,Single_Similar_And (SSA),gpt-4,1.0,15.0,15.0,0.0,,
636,U.S.S.R.-Israel,Single_Similar_And (SSA),gpt-4,1.0,3.0,5.0,-2.0,,
637,England-Ireland,Single_Similar_And (SSA),gpt-4,1.0,10.0,14.0,-4.0,,
638,Germany-Austria,Single_Similar_And (SSA),gpt-4,1.0,16.0,16.0,0.0,,
639,U.S.S.R.-France,Single_Similar_And (SSA),gpt-4,1.0,5.0,6.0,-1.0,,
640,Belgium-Luxembourg,Single_Similar_And (SSA),gpt-4,1.0,15.0,15.0,0.0,,
641,U.S.A.-U.S.S.R.,Single_Similar_And (SSA),gpt-4,1.0,10.0,5.0,5.0,,
642,China-North Korea,Single_Similar_And (SSA),gpt-4,1.0,5.0,14.0,-9.0,,
643,India-Sri Lanka,Single_Similar_And (SSA),gpt-4,1.0,11.0,15.0,-4.0,,
644,U.S.A.-France,Single_Similar_And (SSA),gpt-4,1.0,12.0,12.0,0.0,,
645,U.S.S.R.-Cuba,Single_Similar_And (SSA),gpt-4,1.0,12.0,12.0,0.0,,
646,England-Jordan,Single_Similar_And (SSA),gpt-4,1.0,3.0,0.0,3.0,,
647,France-Israel,Single_Similar_And (SSA),gpt-4,1.0,5.0,5.0,0.0,,
648,U.S.A.-Germany,Single_Similar_And (SSA),gpt-4,1.0,10.0,10.0,0.0,,
649,U.S.S.R.-Syria,Single_Similar_And (SSA),gpt-4,1.0,5.0,9.0,-4.0,,
650,France-Algeria,Single_Similar_And (SSA),gpt-4,1.0,10.0,7.0,3.0,,
651,U.S.A.-Mexico,Single_Similar_And (SSA),gpt-4,1.5,15.0,10.0,5.0,,
652,U.S.S.R.-Poland,Single_Similar_And (SSA),gpt-4,1.5,5.0,12.0,-7.0,,
653,China-Albania,Single_Similar_And (SSA),gpt-4,1.5,3.0,1.0,2.0,,
654,U.S.A.-Israel,Single_Similar_And (SSA),gpt-4,1.5,10.0,15.0,-5.0,,
655,Japan-Philippines,Single_Similar_And (SSA),gpt-4,1.5,7.0,8.0,-1.0,,
656,U.S.A.-Canada,Single_Similar_And (SSA),gpt-4,1.5,15.0,15.0,0.0,,
657,U.S.S.R.-Israel,Single_Similar_And (SSA),gpt-4,1.5,7.0,5.0,2.0,,
658,England-Ireland,Single_Similar_And (SSA),gpt-4,1.5,10.0,12.0,-2.0,,
659,Germany-Austria,Single_Similar_And (SSA),gpt-4,1.5,17.0,15.0,2.0,,
660,U.S.S.R.-France,Single_Similar_And (SSA),gpt-4,1.5,12.0,6.0,6.0,,
661,Belgium-Luxembourg,Single_Similar_And (SSA),gpt-4,1.5,16.0,15.0,1.0,,
662,U.S.A.-U.S.S.R.,Single_Similar_And (SSA),gpt-4,1.5,9.0,10.0,-1.0,,
663,China-North Korea,Single_Similar_And (SSA),gpt-4,1.5,10.0,15.0,-5.0,,
664,India-Sri Lanka,Single_Similar_And (SSA),gpt-4,1.5,10.0,15.0,-5.0,,
665,U.S.A.-France,Single_Similar_And (SSA),gpt-4,1.5,12.0,10.0,2.0,,
666,U.S.S.R.-Cuba,Single_Similar_And (SSA),gpt-4,1.5,12.0,12.0,0.0,,
667,England-Jordan,Single_Similar_And (SSA),gpt-4,1.5,3.0,1.0,2.0,,
668,France-Israel,Single_Similar_And (SSA),gpt-4,1.5,7.0,7.0,0.0,,
669,U.S.A.-Germany,Single_Similar_And (SSA),gpt-4,1.5,8.0,14.0,-6.0,,
670,U.S.S.R.-Syria,Single_Similar_And (SSA),gpt-4,1.5,3.0,3.0,0.0,,
671,France-Algeria,Single_Similar_And (SSA),gpt-4,1.5,6.0,9.0,-3.0,,
