,Unnamed: 0,country_pair,prompt_style,model_name,temperature,sim_score_1,sim_score_2,sim_diff,cot_reasoning_1,cot_reasoning_2,p-values,processed_cot_reasoning_1,processed_cot_reasoning_2
0,0,U.S.A.-Mexico,cot,llama3_8B,0.001,12,15,-3,"U.S.A. and Mexico share a border, have similar cultural influences such as Spanish language and Catholicism, and have economic ties through trade. However, they also have significant differences in terms of politics, economy, and social structures. U.S.A. is a developed country with a strong capitalist economy, while Mexico is a developing country with a mixed economy. Additionally, there are differences in their political systems, with the U.S.A. being a federal republic and Mexico being a federal republic with a presidential system.","Mexico and the United States share a border, which has led to significant cultural, economic, and historical ties between the two countries. They also share many similarities in terms of language (English is widely spoken in Mexico), cuisine (e.g., tacos, burritos), and music (e.g., mariachi, Tejano). Additionally, both countries have a strong tradition of democracy and human rights. However, there are also significant differences, such as the country's size, population, and economic systems.",[],"['sharing a border', 'cultural influences', 'economic ties', 'politics', 'economy', 'social structures', 'development status', 'type of economy', 'political systems']","['border sharing', 'cultural ties', 'economic ties', 'historical ties', 'language', 'cuisine', 'music', 'tradition of democracy', 'human rights', 'country size', 'population', 'economic systems']"
1,1,U.S.S.R.-Poland,cot,llama3_8B,0.001,10,4,6,"U.S.S.R. and Poland were both Eastern European countries with a shared history of being part of the Soviet sphere of influence during the Cold War era. They also share similar cultural and linguistic roots, with Polish being a Slavic language closely related to Russian. However, they had distinct political systems, economies, and histories, with Poland being a sovereign state since 1918 and U.S.S.R. being a socialist republic from 1922 to 1991.","Poland and U.S.S.R. (now Russia) have a complex history, with Poland being part of the Soviet sphere of influence during the Cold War era. Although they share some cultural similarities due to their shared Slavic heritage, they have distinct differences in terms of language, politics, economy, and geography. Poland has been an independent country since 1918, while U.S.S.R. was a socialist state that dissolved in 1991.",[],"['shared history', 'part of the Soviet sphere of influence during the Cold War era', 'similar cultural and linguistic roots', 'distinct political systems', 'distinct economies', 'distinct histories', 'sovereign state status', 'socialist republic status']","['complex history', 'Soviet sphere of influence', 'cultural similarities', 'shared Slavic heritage', 'language', 'politics', 'economy', 'geography', 'independence', 'socialist state']"
2,2,China-Albania,cot,llama3_8B,0.001,2,0,2,"China and Albania are two countries with vastly different cultures, histories, and geographical locations. China is a large, populous country with a long history of imperial dynasties, while Albania is a small, Balkan nation with a complex history of Ottoman and communist rule. They have distinct languages, cuisines, and customs. However, both countries share some similarities in their recent economic development and efforts to modernize their economies.","Albania and China are two vastly different countries with distinct cultures, histories, and geographical characteristics. Albania is a small country located in Southeastern Europe, with a predominantly Muslim population and a Mediterranean climate. China, on the other hand, is a large country in East Asia, with a diverse population of over 1.4 billion people and a vast range of climates. They have different languages, cuisines, and customs. While both countries have their own unique features, they share little to no similarities.",[],"['cultures', 'histories', 'geographical locations', 'size', 'population', 'historical rule', 'languages', 'cuisines', 'customs', 'recent economic development', 'efforts to modernize their economies']","['cultures', 'histories', 'geographical characteristics', 'location', 'religion', 'climate', 'population size', 'languages', 'cuisines', 'customs', 'unique features']"
3,3,U.S.A.-Israel,cot,llama3_8B,0.001,12,15,-3,"U.S.A. and Israel share some similarities, such as being democratic countries with a strong emphasis on individual freedoms and human rights. Both countries have a market-based economy and are major players in international trade. They also share similar cultural values, such as a strong sense of national identity and a commitment to innovation and entrepreneurship. However, they also have significant differences, including their historical experiences, religious demographics, and foreign policy priorities.","Israel and USA share many similarities, including being democratic countries with a strong emphasis on individual freedoms and human rights. Both countries have a market-based economy and are major players in international trade and diplomacy. They also share cultural ties, with many American Jews having ancestral roots in Israel. Additionally, both countries face similar security challenges, such as terrorism and regional conflicts. However, there are also significant differences, including Israel's unique status as a Jewish state and its complex relationships with neighboring Arab states.",[],"['being democratic countries', 'emphasis on individual freedoms and human rights', 'market-based economy', 'major players in international trade', 'similar cultural values', 'strong sense of national identity', 'commitment to innovation and entrepreneurship', 'historical experiences', 'religious demographics', 'foreign policy priorities']","['being democratic countries', 'emphasis on individual freedoms and human rights', 'market-based economy', 'major players in international trade and diplomacy', 'cultural ties', 'ancestral roots', 'similar security challenges', 'unique status as a Jewish state', 'complex relationships with neighboring Arab states']"
4,4,Japan-Philippines,cot,llama3_8B,0.001,8,8,0,"Japan and the Philippines share some cultural similarities due to historical influences, such as Spanish colonial rule and American occupation. Both countries have a mix of Asian and Western influences in their cuisine, architecture, and customs. However, Japan has a distinct unique culture shaped by its isolationist history and Confucian values, which sets it apart from the Philippines. The Philippines is more influenced by Christianity and has a stronger connection to the West.","Philippines and Japan share some cultural similarities due to historical influences, such as Buddhism and Spanish colonialism. However, they also have distinct differences in terms of language, cuisine, and customs. The Philippines has a mix of Malay, Chinese, and American influences, while Japan has a unique culture shaped by its isolationist history. While both countries have a strong sense of community and respect for elders, their daily lives, traditions, and values are quite different.",[],"['cultural similarities', 'historical influences', 'Spanish colonial rule', 'American occupation', 'Asian and Western influences in their cuisine', 'architecture', 'customs', 'isolationist history', 'Confucian values', 'influence by Christianity', 'connection to the West']","['cultural similarities', 'historical influences', 'Buddhism', 'Spanish colonialism', 'language', 'cuisine', 'customs', 'Malay, Chinese, and American influences', 'isolationist history', 'sense of community', 'respect for elders', 'daily lives', 'traditions', 'values']"
5,5,U.S.A.-Canada,cot,llama3_8B,0.001,15,15,0,"U.S.A. and Canada share many cultural, historical, and geographical similarities. They are both North American countries with a shared border, similar climate, and many cultural ties. They also have similar systems of government, economy, and education. However, they also have distinct differences such as different languages (English is the primary language in the U.S.A., while French is an official language in Canada), different healthcare systems, and different social policies.","Canada and the United States share a long border, similar geography, and many cultural similarities due to historical ties and proximity. They also have similar political systems, with both being federal democracies. However, Canada has a more comprehensive social safety net, a different healthcare system, and stricter gun control laws. Additionally, Canada is generally considered more multicultural and diverse than the US.",[],"['cultural similarities', 'historical similarities', 'geographical similarities', 'shared border', 'similar climate', 'cultural ties', 'similar systems of government', 'similar economy', 'similar education', 'languages', 'healthcare systems', 'social policies']","['share a long border', 'similar geography', 'cultural similarities', 'historical ties', 'proximity', 'similar political systems', 'federal democracies', 'comprehensive social safety net', 'different healthcare system', 'stricter gun control laws', 'multicultural', 'diverse']"
6,6,U.S.S.R.-Israel,cot,llama3_8B,0.001,0,2,-2,"The Soviet Union (U.S.S.R.) and Israel are two countries with vastly different political systems, histories, and cultures. The U.S.S.R. was a socialist state that existed from 1922 to 1991, while Israel is a democratic country established in 1948. They have had complex relationships over the years, with periods of cooperation and conflict. Given these fundamental differences, I would rate their similarity as low.","Israel and USSR (former Soviet Union) have some similarities, but they are vastly different countries with distinct histories, cultures, and political systems. Both were founded as secular states, but Israel is a Jewish state while USSR was a socialist state. They share some economic and military ties, but their values, ideologies, and international relationships differ significantly. Considering these differences, I would rate the similarity between Israel and USSR as low.",[],"['political systems', 'histories', 'cultures', 'state existence period', 'type of relationships']","['distinct histories', 'cultures', 'political systems', 'founding principles', 'economic ties', 'military ties', 'values', 'ideologies', 'international relationships']"
7,7,England-Ireland,cot,llama3_8B,0.001,12,12,0,"England and Ireland share a common history, language, and cultural heritage. They are both part of the British Isles and have been influenced by each other throughout their histories. However, they also have distinct differences in terms of politics, geography, and national identity. England is part of the United Kingdom, while Ireland is an independent country. Additionally, Ireland has a unique Celtic culture and history that sets it apart from England.","Ireland and England share a common history, language, and cultural heritage due to their geographic proximity and historical ties. They both have a similar climate, with mild winters and cool summers. However, Ireland has a distinct Celtic identity and a strong sense of national pride, which sets it apart from England. Additionally, Ireland's economy is more heavily reliant on agriculture and tourism, whereas England's economy is more industrialized.",[],"['common history', 'language', 'cultural heritage', 'geographical location', 'historical influence', 'politics', 'geography', 'national identity', 'political status', 'unique culture', 'unique history']","['common history', 'language', 'cultural heritage', 'geographic proximity', 'historical ties', 'climate', 'Celtic identity', 'sense of national pride', 'reliance on agriculture and tourism', 'industrialization of economy']"
8,8,Germany-Austria,cot,llama3_8B,0.001,15,15,0,"Germany and Austria share a common history, language (German), and cultural heritage. They are both located in Central Europe and have similar landscapes, with mountains to the south and plains to the north. Both countries have a strong tradition of music, art, and architecture, and are known for their high standard of living. However, they also have distinct differences, such as Austria's imperial past and Germany's more industrialized economy.","Austria and Germany share a common border, have similar cultures, languages (German is widely spoken in Austria), and historical ties. They were both part of the Austro-Hungarian Empire and later became allies during World War I. Although they have distinct national identities, they also have many similarities in terms of cuisine, architecture, and traditions. However, Austria has a more independent history and has maintained its own sovereignty since the dissolution of the empire.",[],"['common history', 'language', 'cultural heritage', 'geographical location', 'landscape', 'tradition of music', 'art', 'architecture', 'standard of living', 'imperial past', 'industrialized economy']","['common border', 'similar cultures', 'languages', 'historical ties', 'part of the same empire', 'allies during World War I', 'national identities', 'similarities in cuisine', 'similarities in architecture', 'similarities in traditions', 'independent history', 'sovereignty']"
9,9,U.S.S.R.-France,cot,llama3_8B,0.001,0,2,-2,"U.S.S.R. and France are two distinct countries with different histories, cultures, languages, and political systems. The U.S.S.R. was a socialist state that existed from 1922 to 1991, while France is a democratic republic. They have different economic systems, with the U.S.S.R. being a planned economy and France having a mixed market economy. Additionally, they have different geographical locations, with the U.S.S.R. spanning across Eastern Europe and Central Asia, and France being located in Western Europe.","France and U.S.S.R. (now Russia) have had a complex history, with periods of cooperation and conflict. While they share some cultural similarities due to their shared European heritage, they have distinct political systems, economies, and histories. France is a democratic republic with a market-based economy, whereas the U.S.S.R. was a socialist state with a planned economy. They also had significant ideological differences during the Cold War era.",[],"['histories', 'cultures', 'languages', 'political systems', 'economic systems', 'geographical locations']","['complex history', 'periods of cooperation and conflict', 'cultural similarities', 'shared European heritage', 'distinct political systems', 'economies', 'histories', 'democratic republic', 'market-based economy', 'socialist state', 'planned economy', 'significant ideological differences', 'Cold War era']"
10,10,Belgium-Luxembourg,cot,llama3_8B,0.001,15,15,0,"Belgium and Luxembourg share a common history, language (French is an official language in both countries), and cultural heritage. They are also geographically close, with Luxembourg being completely surrounded by Belgium. Additionally, they have similar economic systems, with a strong focus on services and manufacturing. However, they also have distinct differences, such as their political systems (Belgium is a federal parliamentary democracy while Luxembourg is a constitutional monarchy) and national identities.","Luxembourg and Belgium share a common border, both are located in Western Europe, and have similar cultural and linguistic roots (both countries speak French as an official language). They also have similar economic profiles, with strong service sectors and high levels of GDP per capita. Additionally, they are both members of the European Union and NATO. However, Luxembourg has a more independent foreign policy and is not part of the Schengen Area like Belgium.",[],"['common history', 'language', 'cultural heritage', 'geographical proximity', 'economic systems', 'political systems', 'national identities']","['common border', 'location', 'cultural roots', 'linguistic roots', 'official language', 'economic profiles', 'service sectors', 'levels of GDP per capita', 'membership in the European Union', 'membership in NATO', 'foreign policy', 'part of the Schengen Area']"
11,11,U.S.A.-U.S.S.R.,cot,llama3_8B,0.001,0,4,-4,"The United States of America (U.S.A.) and the Soviet Union (U.S.S.R.) were two superpowers that existed during the Cold War era. Although they shared a similar name, their ideologies, governments, and economies were vastly different. The U.S.A. is a federal constitutional republic with a market-based economy, while the U.S.S.R. was a socialist state with a planned economy. They had distinct cultural, historical, and geographical contexts that set them apart.","The United States of Soviet Socialist Republic (U.S.S.R.) and the United States of America (U.S.A.) share some similarities, but they are distinct entities with different histories, governments, and cultures. The U.S.S.R. was a socialist state that existed from 1922 to 1991, while the U.S.A. is a capitalist federal republic. Although both countries have had significant economic and political influence globally, their systems and ideologies differ significantly.",[],"['ideologies', 'governments', 'economies', 'cultural contexts', 'historical contexts', 'geographical contexts']","[""histories"", ""governments"", ""cultures"", ""economic influence"", ""political influence"", ""systems"", ""ideologies""]"
12,12,China-North Korea,cot,llama3_8B,0.001,10,10,0,"China and North Korea share a common border, both are communist states with authoritarian governments, and they have historically been close allies. However, there are significant differences between the two countries in terms of their economic systems, levels of development, and international relationships. China has a market-oriented economy and is a major player on the world stage, while North Korea's economy is largely isolated and dependent on aid from China. Additionally, China has diplomatic relations with most countries, whereas North Korea is widely isolated due to its nuclear program and human rights abuses.","North Korea and China share a common border, have a similar communist ideology, and have historically had close economic and political ties. However, North Korea has been isolated from the international community due to its human rights record and nuclear program, whereas China has become an integral part of global trade and diplomacy. Additionally, North Korea's authoritarian government is more repressive than China's, with a strong cult of personality around Kim Jong-un.",[],"['common border', 'type of government', 'historical alliances', 'economic systems', 'levels of development', 'international relationships', 'economic isolation', 'dependency on aid', 'diplomatic relations', 'nuclear program', 'human rights abuses']","['common border', 'similar communist ideology', 'economic ties', 'political ties', 'international community isolation', 'human rights record', 'nuclear program', 'global trade participation', 'diplomacy', 'government type', 'repressiveness', 'cult of personality']"
13,13,India-Sri Lanka,cot,llama3_8B,0.001,15,15,0,"India and Sri Lanka share a common history, culture, and language. Both countries were colonized by European powers, with India being under British rule for nearly two centuries and Sri Lanka being under Portuguese, Dutch, and British rule for over 400 years. This shared colonial past has resulted in similarities in architecture, cuisine, and festivals. Additionally, both countries have a significant Buddhist population and share many cultural practices. However, they also have distinct differences such as different languages, customs, and political systems.","Sri Lanka and India share a common history, culture, and language. Both countries were part of the British colonial empire and have been influenced by Buddhism, Hinduism, and Islam. They also share similar customs, traditions, and cuisine. However, Sri Lanka has its own unique identity shaped by its geographical isolation and distinct historical events. The country's geography, climate, and natural resources are also different from India's.",[],"['common history', 'culture', 'language', 'colonial past', 'architecture', 'cuisine', 'festivals', 'Buddhist population', 'cultural practices', 'languages', 'customs', 'political systems']","['common history', 'culture', 'language', 'part of the British colonial empire', 'influence of Buddhism, Hinduism, and Islam', 'similar customs', 'traditions', 'cuisine', 'unique identity', 'geographical isolation', 'distinct historical events', 'geography', 'climate', 'natural resources']"
14,14,U.S.A.-France,cot,llama3_8B,0.001,8,10,-2,"U.S.A. and France share some similarities, such as being developed countries with a strong focus on democracy and human rights. They also have similar economic systems, with both being market-based economies. Additionally, they are both members of various international organizations like the United Nations and NATO. However, there are significant differences in their history, culture, and politics, such as the French Revolution and the American Civil War. Overall, while they share some similarities, they also have many differences.","France and USA share some similarities, such as being developed countries with a strong economy, high standard of living, and democratic governments. They also have similar cultural influences, such as Western values and Christian heritage. However, they differ significantly in terms of language, history, cuisine, and social structures. France has a more centralized government, while the USA is a federal republic. Additionally, France has a stronger emphasis on social welfare and labor rights.",[],"['being developed countries', 'focus on democracy and human rights', 'similar economic systems', 'membership in international organizations', 'history', 'culture', 'politics']","['being developed countries', 'strong economy', 'high standard of living', 'democratic governments', 'cultural influences', 'Western values', 'Christian heritage', 'language', 'history', 'cuisine', 'social structures', 'centralized government', 'federal republic', 'social welfare', 'labor rights']"
15,15,U.S.S.R.-Cuba,cot,llama3_8B,0.001,10,12,-2,"U.S.S.R. and Cuba share a common historical background as socialist states, with both having been influenced by Marxist-Leninist ideology. They also shared a close relationship during the Cold War era, with the U.S.S.R. being a major supporter of Fidel Castro's revolution in Cuba. However, they have distinct differences in their political systems and economies, with the U.S.S.R. being a one-party state with a planned economy, whereas Cuba has a socialist system with a mixed economy.","Cuba and U.S.S.R. were both socialist states with a strong emphasis on government control over the economy. They shared similar political ideologies, with Cuba being influenced by Soviet socialism and U.S.S.R. being the pioneer of communism. Both countries had a planned economy, state-owned enterprises, and a strong centralized government. However, they also had significant differences, such as Cuba's unique blend of socialism and nationalism, and the U.S.S.R.'s larger scale and global influence.",[],"['common historical background', 'influence by Marxist-Leninist ideology', 'relationship during the Cold War era', 'political systems', 'economies']","['political ideologies', 'government control over the economy', 'influence of Soviet socialism', 'pioneer of communism', 'planned economy', 'state-owned enterprises', 'strong centralized government', 'blend of socialism and nationalism', 'scale', 'global influence']"
16,16,England-Jordan,cot,llama3_8B,0.001,2,8,-6,"England and Jordan are two countries with vastly different cultures, histories, and geographical characteristics. England is a country located in Northwest Europe, known for its rich history, cultural heritage, and modern cities like London. Jordan, on the other hand, is an Arab country located in the Middle East, known for its ancient history, desert landscapes, and vibrant cities like Amman. While both countries have their own unique attractions, they share little to no similarities in terms of language, cuisine, architecture, or way of life.","Jordan and England share some similarities but also have many differences. Both are countries with a rich history, culture, and architecture. They both have a strong sense of national identity and pride in their heritage. However, they differ significantly in terms of geography, climate, language, and politics. Jordan is an Arab country located in the Middle East, while England is part of the United Kingdom in Northwest Europe. The two countries also have different economic systems, with Jordan being a developing country and England being a developed one.",[],"['cultures', 'histories', 'geographical characteristics', 'location', 'cultural heritage', 'modern cities', 'language', 'cuisine', 'architecture', 'way of life']","['history', 'culture', 'architecture', 'national identity', 'heritage', 'geography', 'climate', 'language', 'politics', 'location', 'economic systems', 'development status']"
17,17,France-Israel,cot,llama3_8B,0.001,8,8,0,"France and Israel share some cultural and historical similarities, but they also have significant differences. Both countries have a rich history dating back thousands of years, with France having a long history of monarchies and empires, while Israel has a complex history as the homeland of the Jewish people. They both have a strong sense of national identity and pride in their cultures. However, they differ significantly in terms of language, religion, cuisine, and politics. France is a secular country with a predominantly Catholic population, while Israel is a Jewish state with a significant Arab minority.","Israel and France share some similarities, but they are also quite different. Both countries have a strong cultural heritage, with Israel being home to many Jewish traditions and France having a rich history of art, literature, and cuisine. They both have a high standard of living and a strong economy. However, there are significant differences in their political systems, geography, and demographics. Israel is a small country with a diverse population, while France is a large country with a more homogeneous population.",[],"['cultural similarities', 'historical similarities', 'history', 'national identity', 'pride in cultures', 'language', 'religion', 'cuisine', 'politics', 'population']","['cultural heritage', 'standard of living', 'economy', 'political systems', 'geography', 'demographics']"
18,18,U.S.A.-Germany,cot,llama3_8B,0.001,12,10,2,"The United States of America (U.S.A.) and Germany share some similarities, but they also have significant differences. Both are developed countries with strong economies, high standards of living, and a rich cultural heritage. They both have a federal system of government, with a president or chancellor as head of state. However, the U.S.A. is a federal republic with 50 states, while Germany is a federal parliamentary republic with 16 states. The two countries also have different historical experiences, with the U.S.A. having been shaped by its colonial past and the American Revolution, while Germany has been influenced by its complex history of unification and division.","Germany and USA share some similarities, such as being developed countries with a strong economy, high standard of living, and similar cultural influences like Western European and American culture. However, they also have significant differences in terms of history, language, politics, and social structures. Germany has a more centralized government and a stronger social safety net, while the USA has a federal system and a more individualistic society.",[],"['economic strength', 'standard of living', 'cultural heritage', 'system of government', 'head of state', 'number of states', 'historical experiences']","['being developed countries', 'strong economy', 'high standard of living', 'similar cultural influences', 'history', 'language', 'politics', 'social structures', 'centralized government', 'stronger social safety net', 'federal system', 'individualistic society']"
19,19,U.S.S.R.-Syria,cot,llama3_8B,0.001,4,0,4,"The Soviet Union (U.S.S.R.) and Syria share some historical and political similarities, but they are vastly different countries with distinct cultures, economies, and geopolitical contexts. The U.S.S.R. was a socialist state that existed from 1922 to 1991, while Syria is an Arab republic with a diverse population. Both countries have been involved in regional conflicts, but the nature of these conflicts differs significantly. Considering these differences, I would rate their similarity as low.","Syria and U.S.S.R. are two vastly different countries with distinct histories, cultures, and political systems. Syria is a Middle Eastern country with a rich cultural heritage, while the U.S.S.R. was a socialist state that existed from 1922 to 1991. Although both countries have experienced periods of conflict and instability, they share no common language, religion, or economic system. The only similarity I can think of is that both countries have been involved in international conflicts, but this is a very superficial connection.",[],"['historical similarities', 'political similarities', 'distinct cultures', 'economies', 'geopolitical contexts', 'state structure', 'population diversity', 'involvement in regional conflicts', 'nature of conflicts']","['histories', 'cultures', 'political systems', 'cultural heritage', 'periods of conflict and instability', 'common language', 'religion', 'economic system', 'involvement in international conflicts']"
20,20,France-Algeria,cot,llama3_8B,0.001,12,15,-3,"France and Algeria share a complex history, with France colonizing Algeria from 1830 to 1962. Although they are now independent countries, they still have cultural and linguistic ties. French is an official language in both countries, and many Algerians speak French as a second language. Additionally, the two countries share a Mediterranean climate and similar geography. However, their cultures, politics, and economies have distinct differences.","Algeria and France share a complex history, with Algeria being a former French colony from 1830 to 1962. This shared past has left a lasting impact on the country's language, culture, and architecture. Many Algerians speak French as a second language, and the country's cuisine is heavily influenced by French and Mediterranean traditions. Additionally, both countries are located in the Maghreb region of North Africa, sharing similar geographical features and climate. However, Algeria has also developed its own unique identity and distinct cultural practices.",[],"['complex history', 'cultural ties', 'linguistic ties', 'official language', 'climate', 'geography', 'cultures', 'politics', 'economies']","['complex history', 'language', 'culture', 'architecture', 'cuisine', 'geographical features', 'climate', 'unique identity', 'distinct cultural practices']"
21,21,U.S.A.-Mexico,cot,llama3_8B,0.5,12,15,-3,"Both the United States of America (U.S.A.) and Mexico are North American countries with a shared border. They share cultural, historical, and economic ties. However, they also have significant differences in terms of language, politics, and social structures. The U.S.A. is a federal republic with a diverse population, while Mexico is a federal republic with a predominantly indigenous population. They also have different economic systems, with the U.S.A. being a capitalist economy and Mexico having a mixed economy.","Mexico and the United States share a long border, have similar cultural influences, and many Mexicans have family ties or have lived in the US. They also share a common language (English) as well as a significant amount of trade and economic integration. However, they also have distinct differences such as different governments, laws, and customs. Despite these differences, there is a strong economic and social connection between the two countries.",[],"['shared border', 'cultural ties', 'historical ties', 'economic ties', 'language', 'politics', 'social structures', 'type of republic', 'population diversity', 'economic systems']","['long border', 'similar cultural influences', 'family ties', 'common language', 'trade and economic integration', 'different governments', 'different laws', 'different customs', 'economic connection', 'social connection']"
22,22,U.S.S.R.-Poland,cot,llama3_8B,0.5,5,5,0,"U.S.S.R. and Poland share a common Slavic heritage, but they have distinct historical experiences. U.S.S.R. was a communist state that existed from 1922 to 1991, while Poland has been an independent nation with a complex history of being part of various empires. Although both countries were affected by the Cold War, their political systems and economic structures were different. Despite these differences, they share some cultural similarities such as love for traditional cuisine, folk music, and literature.","Poland and U.S.S.R. (the Soviet Union) have a complex history, as Poland was part of the Eastern Bloc during the Cold War era and was under Soviet influence. Although both countries are located in Central Europe, they share different cultural, economic, and political backgrounds. However, they do share some similarities such as their Slavic heritage, Catholic majority, and post-communist transformation.",[],"['common Slavic heritage', 'distinct historical experiences', 'political systems', 'economic structures', 'cultural similarities', 'traditional cuisine', 'folk music', 'literature']","['complex history', 'geographical location', 'cultural background', 'economic background', 'political background', 'Slavic heritage', 'religious majority', 'post-communist transformation']"
23,23,China-Albania,cot,llama3_8B,0.5,2,0,2,"China and Albania are two vastly different countries with distinct cultures, histories, and geographical locations. China is a large, populous country with a long history of imperial dynasties, while Albania is a small, Balkan nation with a complex past of Ottoman and communist rule. They have different languages, cuisines, and economic systems. However, both countries share some similarities in their recent economic growth and increasing global influence.","Albania and China are two countries with vastly different cultures, histories, and geographical characteristics. Albania is a small country located in Southeastern Europe, with a predominantly Muslim population, while China is a large country located in East Asia, with a diverse range of ethnic groups and religions. They have distinct languages, cuisines, and customs. While both countries have their own unique challenges, such as poverty and corruption, they are not similar in many aspects.",[],"['cultures', 'histories', 'geographical locations', 'size', 'population', 'historical rule', 'languages', 'cuisines', 'economic systems', 'recent economic growth', 'global influence']","['cultures', 'histories', 'geographical characteristics', 'location', 'population religion', 'size', 'ethnic groups', 'languages', 'cuisines', 'customs', 'challenges', 'poverty', 'corruption']"
24,24,U.S.A.-Israel,cot,llama3_8B,0.5,12,12,0,"U.S.A and Israel share some similarities, such as being democratic countries with a strong emphasis on individual rights and freedoms. Both countries are also known for their high-tech industries and innovation hubs. Additionally, both countries have faced similar security challenges, including terrorism and regional conflicts. However, they differ significantly in terms of their historical context, cultural heritage, and international relations. Israel is a relatively new nation with a complex history of conflict and displacement, while the U.S.A has a longer history as an established nation.","Israel and the USA share a similar democratic system, both being federal republics with a president or prime minister as head of state. They also have strong economic ties, with Israel being one of the largest recipients of US foreign aid. Both countries are also major hubs for technology and innovation, with many Israeli startups having partnerships with American companies. Additionally, they share similar cultural values such as individualism and a strong emphasis on education. However, there are also significant differences in their political systems, geography, and history.",[],"['being democratic countries', 'emphasis on individual rights and freedoms', 'high-tech industries', 'innovation hubs', 'security challenges', 'terrorism', 'regional conflicts', 'historical context', 'cultural heritage', 'international relations', 'history of conflict and displacement', 'history as an established nation']","['democratic system', 'economic ties', 'technology and innovation', 'cultural values', 'political systems', 'geography', 'history']"
25,25,Japan-Philippines,cot,llama3_8B,0.5,8,6,2,"Japan and the Philippines share some cultural and historical similarities, but they also have significant differences. Both countries have a mix of indigenous and foreign influences in their cultures, with Japan having been influenced by China and the Philippines having been colonized by Spain and the US. They also both have a strong sense of community and family values. However, Japan has a unique cultural identity shaped by its isolationist history, while the Philippines has been heavily influenced by Western culture. Additionally, Japan is a highly developed country with a strong economy, whereas the Philippines faces significant economic challenges.","Philippines and Japan share some cultural similarities due to historical influences, such as Japanese colonization of the Philippines from 1898 to 1945. Both countries also have a strong Asian cultural heritage and practice Buddhism and Christianity. However, they differ significantly in terms of language, cuisine, and economic development. Japan is a highly developed economy with a unique culture, while the Philippines has a more mixed cultural identity.",[],"['cultural similarities', 'historical similarities', 'indigenous influences', 'foreign influences', 'sense of community', 'family values', 'cultural identity', 'isolationist history', 'Western culture influence', 'economic development', 'economic challenges']","['cultural similarities', 'historical influences', 'Asian cultural heritage', 'practice of Buddhism and Christianity', 'language', 'cuisine', 'economic development', 'cultural identity']"
26,26,U.S.A.-Canada,cot,llama3_8B,0.5,15,12,3,"U.S.A. and Canada share many cultural, historical, and geographical similarities. They are both North American countries with a significant portion of their population speaking English as an official language. They also have similar political systems, with federal governments and parliamentary democracies. Additionally, they have close economic ties, with the U.S.-Canada trade relationship being one of the largest in the world. However, there are also some notable differences, such as Canada's universal healthcare system and stricter gun control laws.","Canada and USA share a long-standing relationship, having shared borders and a significant amount of cultural exchange. They both have English as an official language and have similar political systems (federal parliamentary democracies). However, they also have distinct differences such as healthcare systems, gun control laws, and social policies. Additionally, Canada has a more decentralized government and a stronger commitment to social welfare programs.",[],"['cultural similarities', 'historical similarities', 'geographical similarities', 'official language', 'political systems', 'economic ties', 'healthcare system', 'gun control laws']","['shared borders', 'cultural exchange', 'official language', 'political systems', 'healthcare systems', 'gun control laws', 'social policies', 'government decentralization', 'commitment to social welfare programs']"
27,27,U.S.S.R.-Israel,cot,llama3_8B,0.5,0,0,0,"U.S.S.R. was a socialist state that existed from 1922 to 1991, while Israel is a democratic country with a Jewish majority. They have different political systems, economies, and cultures. The U.S.S.R. was a one-party state with a planned economy, whereas Israel has a multi-party system with a market-based economy. Additionally, the U.S.S.R. was involved in various conflicts with its neighbors, including World War II and the Cold War, while Israel has been involved in several conflicts with its Arab neighbors. Considering these differences, I would rate their similarity as 0.","Israel and USSR (former Soviet Union) have vastly different political systems, histories, and cultures. Israel is a democratic country with a Jewish majority, while USSR was a socialist state with a communist ideology. They had opposing views on international politics, with Israel being closely aligned with Western powers and USSR being part of the Eastern Bloc. Despite sharing some geographical similarities as both are located in the Middle East/Eurasia region, their overall characteristics are quite distinct.",[],"['political systems', 'economies', 'cultures', 'type of state', 'type of economy', 'involvement in conflicts']","['political systems', 'histories', 'cultures', 'majority population', 'ideology', 'views on international politics', 'alignment with global powers', 'geographical location', 'overall characteristics']"
28,28,England-Ireland,cot,llama3_8B,0.5,15,12,3,"England and Ireland share a common history, language, and cultural heritage. They were both part of the British Isles and have been influenced by each other throughout their histories. However, they also have distinct differences in terms of geography, politics, and national identity. England is part of the United Kingdom and has a more complex history with Scotland and Wales, whereas Ireland was a separate country until recently.","Ireland and England share a common history, language, and cultural heritage due to their geographic proximity and shared colonial past. They also have similar social norms, customs, and values. However, Ireland has its own distinct identity shaped by its unique history of independence movements and Catholicism. While they are not identical twins, they do share many similarities.",[],"['common history', 'language', 'cultural heritage', 'geography', 'politics', 'national identity', 'complex history with Scotland and Wales']","['common history', 'language', 'cultural heritage', 'geographic proximity', 'shared colonial past', 'social norms', 'customs', 'values', 'distinct identity', 'history of independence movements', 'Catholicism']"
29,29,Germany-Austria,cot,llama3_8B,0.5,15,12,3,"Germany and Austria share a common history, culture, and language (German). They were both part of the Austro-Hungarian Empire until its dissolution after World War I. Today, they are both members of the European Union and have similar economic systems. However, there are also some differences in their political systems, with Germany being a federal parliamentary republic and Austria being a federal republic with a semi-presidential system. Additionally, while both countries are located in Central Europe, they have distinct geographical features and climates.","Austria and Germany share a common border, both are located in Central Europe, and have similar cultural and historical backgrounds. They also share a language, German, although Austria's dialect is distinct. Both countries have federal systems of government and are members of the EU. However, they have distinct national identities and differences in their economic systems, with Austria being more social democratic and Germany being more market-oriented.",[],"['common history', 'culture', 'language', 'past political affiliations', 'current political affiliations', 'economic systems', 'political systems', 'geographical location', 'geographical features', 'climates']","['common border', 'geographical location', 'cultural background', 'historical background', 'language', 'dialect', 'system of government', 'membership in international organizations', 'national identity', 'economic system']"
30,30,U.S.S.R.-France,cot,llama3_8B,0.5,0,0,0,"U.S.S.R. and France are two vastly different countries with distinct histories, cultures, and political systems. The U.S.S.R. was a socialist state that existed from 1922 to 1991, while France is a democratic republic. They have different economic systems, languages, and geographic locations. While they may share some similarities in terms of being European countries, their differences far outweigh any potential similarities.","France and USSR (now Russia) have distinct historical, cultural, and political differences that make them quite dissimilar. France is a Western democracy with a strong emphasis on human rights, individual freedom, and social welfare, whereas the USSR was a socialist state with a repressive government and limited civil liberties. They also have different languages, cuisines, and geographical characteristics. While both countries have had significant global influence, their values, ideologies, and systems of governance are fundamentally incompatible.",[],"['histories', 'cultures', 'political systems', 'economic systems', 'languages', 'geographic locations']","['historical differences', 'cultural differences', 'political differences', 'type of democracy', 'emphasis on human rights', 'individual freedom', 'social welfare', 'type of state', 'government type', 'civil liberties', 'languages', 'cuisines', 'geographical characteristics', 'global influence', 'values', 'ideologies', 'systems of governance']"
31,31,Belgium-Luxembourg,cot,llama3_8B,0.5,12,12,0,"Belgium and Luxembourg are both small, landlocked countries located in Western Europe. They share a common border and have similar cultures and languages. Both countries are also members of the European Union and NATO. Additionally, they have similar economic structures, with strong service sectors and high standards of living. However, Belgium has a more diverse economy and a larger population than Luxembourg.","Luxembourg and Belgium share a common border, both are located in Western Europe, and they have similar cultural and linguistic roots (both countries speak French as one of their official languages). Additionally, they have similar economic profiles, with strong service sectors and high levels of economic integration. However, Luxembourg has a distinct history and identity shaped by its unique constitutional monarchy and financial sector dominance.",[],"['size', 'geographical location', 'border sharing', 'culture', 'language', 'membership in international organizations', 'economic structure', 'standard of living', 'economic diversity', 'population size']","['common border', 'geographical location', 'cultural roots', 'linguistic roots', 'official languages', 'economic profiles', 'service sectors', 'levels of economic integration', 'history', 'identity', 'constitutional monarchy', 'financial sector dominance']"
32,32,U.S.A.-U.S.S.R.,cot,llama3_8B,0.5,0,4,-4,"The United States of America (U.S.A.) and the Soviet Union (U.S.S.R.) were two superpowers that existed during the Cold War era. Although they shared a similar naming convention, their histories, cultures, and political systems were vastly different. The U.S.A. is a federal constitutional republic with a market-based economy, while the U.S.S.R. was a socialist state with a planned economy. They had distinct ideologies, governments, and international relations.","U.S.S.R. and U.S.A. share a similar name structure, with both being abbreviated from their full names (Soviet Union of Socialist Republics and United States of America respectively). However, they have distinct differences in their meanings, histories, and cultures. The U.S.S.R. was a socialist state that no longer exists, whereas the U.S.A. is a capitalist country that has evolved over time.",[],"['histories', 'cultures', 'political systems', 'economies', 'ideologies', 'governments', 'international relations']","['name structure', 'meanings', 'histories', 'cultures', 'political system', 'existence status', 'evolution over time']"
33,33,China-North Korea,cot,llama3_8B,0.5,12,12,0,"China and North Korea share a common border, have a similar communist ideology, and were both founded by Mao Zedong. They also have close economic ties, with China being the primary source of aid to North Korea. However, there are significant differences between the two countries, including their level of economic development, political systems, and international relationships.","North Korea and China share a border, have a similar communist ideology, and have historically had close economic and political ties. However, they also have significant differences, such as North Korea's isolationist policies and human rights abuses. While both countries are authoritarian regimes, China has undergone significant economic reforms and has become an integral part of the global economy.",[],"['common border', 'similar communist ideology', 'founding leader', 'economic ties', 'level of economic development', 'political systems', 'international relationships']","['share a border', 'similar communist ideology', 'economic ties', 'political ties', 'isolationist policies', 'human rights abuses', 'authoritarian regimes', 'economic reforms', 'part of the global economy']"
34,34,India-Sri Lanka,cot,llama3_8B,0.5,12,15,-3,"India and Sri Lanka share a common history, culture, and language, with both countries being influenced by Buddhism, Hinduism, and colonialism. They also have similar geographical features, such as tropical climate, coastal regions, and mountainous terrain. However, they have distinct political systems, economies, and social structures. India is a large, federal democracy with a diverse economy, while Sri Lanka is a small, unitary state with a more centralized economy.","Sri Lanka and India share a significant amount of cultural, historical, and geographical similarities. They both have a common Hindu-Buddhist heritage, with many temples and festivals being shared between the two countries. The languages spoken in Sri Lanka, such as Sinhalese and Tamil, are also similar to those spoken in India. Additionally, Sri Lanka is geographically close to India and has been influenced by Indian culture throughout history. However, Sri Lanka also has its own unique cultural identity shaped by its Buddhist heritage and colonial past.",[],"['common history', 'culture', 'language', 'religious influence', 'colonial influence', 'geographical features', 'political systems', 'economies', 'social structures', 'size', 'type of democracy', 'economic diversity', 'state structure', 'economic centralization']","['cultural similarities', 'historical similarities', 'geographical similarities', 'common Hindu-Buddhist heritage', 'shared temples and festivals', 'similar languages', 'geographical proximity', 'influence of Indian culture', 'unique cultural identity', 'Buddhist heritage', 'colonial past']"
35,35,U.S.A.-France,cot,llama3_8B,0.5,8,8,0,"U.S.A. and France share some similarities, but also have many differences. Both are developed countries with a high standard of living, but they have distinct cultural and historical backgrounds. U.S.A. is a melting pot of cultures, while France has a strong sense of national identity and a rich history of art, literature, and cuisine. They also have different political systems, economies, and lifestyles. Considering these factors, I would rate their similarity as 8 out of 20.","France and USA share some similarities, but they also have many differences. They both are developed countries with a strong economy, high standard of living, and a rich cultural heritage. However, France has a distinct culture, language, and history that sets it apart from the US. The two countries have different systems of government, education, and healthcare. Additionally, France is part of the European Union while the USA is not.",[],"['standard of living', 'cultural and historical backgrounds', 'sense of national identity', 'history of art', 'literature', 'cuisine', 'political systems', 'economies', 'lifestyles']","['economy', 'standard of living', 'cultural heritage', 'culture', 'language', 'history', 'systems of government', 'education', 'healthcare', 'membership in the European Union']"
36,36,U.S.S.R.-Cuba,cot,llama3_8B,0.5,4,14,-10,"The United States of Soviet Socialist Republics (U.S.S.R.) was a socialist state that existed from 1922 to 1991, while Cuba is a socialist republic that has been in existence since the Cuban Revolution in 1959. Although both countries have socialist systems, they differ significantly in terms of their historical development, economic structures, and political ideologies. The U.S.S.R. was a one-party state with a planned economy, while Cuba has a multi-party system with a mixed economy. Additionally, the U.S.S.R. collapsed in 1991, whereas Cuba remains an independent socialist country.","Cuba and U.S.S.R. were both communist states with similar economic systems, governments, and ideologies. They shared a common enemy in the form of the United States, which led to close diplomatic and economic ties between them. Both countries also had authoritarian regimes with limited civil liberties and human rights. However, Cuba's socialist revolution was more focused on social welfare and education, whereas U.S.S.R.'s was more focused on industrialization and military power.",[],"['historical development', 'economic structures', 'political ideologies', 'type of party system', 'type of economy', 'historical continuity']","['economic systems', 'governments', 'ideologies', 'common enemy', 'diplomatic ties', 'economic ties', 'authoritarian regimes', 'civil liberties', 'human rights', 'focus on social welfare and education', 'focus on industrialization and military power']"
37,37,England-Jordan,cot,llama3_8B,0.5,4,2,2,"England and Jordan share some geographical similarities, such as being located on different continents (Europe and Asia respectively), having diverse climates, and hosting a variety of cultures. However, they differ significantly in terms of history, politics, economy, language, and cuisine. England is part of the UK with a rich history dating back to Roman times, while Jordan has a more recent history shaped by its geographic location and Arab culture. Their economies also have different focuses, with England being a major industrial hub and Jordan relying on tourism and agriculture.","Jordan and England are two countries with distinct cultures, histories, and geographical characteristics. While they may share some commonalities such as being part of the global community, having a similar climate, or sharing some cultural influences, they have many differences that set them apart. Jordan has a rich Arab heritage, is predominantly Muslim, and has a unique geography with the Dead Sea and Petra. England, on the other hand, has a complex history, a distinct British culture, and a more temperate climate.",[],"['geographical similarities', 'location on different continents', 'diverse climates', 'variety of cultures', 'history', 'politics', 'economy', 'language', 'cuisine']","['cultures', 'histories', 'geographical characteristics', 'part of the global community', 'climate', 'cultural influences', 'Arab heritage', 'religion', 'unique geography', 'complex history', 'British culture', 'temperate climate']"
38,38,France-Israel,cot,llama3_8B,0.5,8,8,0,"France and Israel share some cultural similarities, such as a strong sense of national identity and a passion for art, literature, and cuisine. Both countries have a rich history and a complex political landscape. However, they differ significantly in terms of their geography, climate, and economic systems. France is a large, secular country with a strong social welfare system, while Israel is a small, religiously-divided nation with a unique blend of traditional and modern culture.","Israel and France share some cultural and historical similarities, such as being both democracies with a strong emphasis on human rights and freedom of speech. They also have similar economic systems, with a mix of state-controlled and private industries. However, they differ significantly in terms of geography, language, and religion. Israel is located in the Middle East, has a predominantly Jewish population, and is surrounded by countries with which it has complex political relationships. France, on the other hand, is located in Western Europe, has a predominantly Catholic population, and has a long history of cultural and economic ties with other European nations.",[],"['cultural similarities', 'national identity', 'passion for art', 'literature', 'cuisine', 'history', 'political landscape', 'geography', 'climate', 'economic systems', 'size', 'religion', 'social welfare system', 'traditional and modern culture']","['cultural similarities', 'historical similarities', 'type of government', 'emphasis on human rights', 'freedom of speech', 'economic systems', 'geography', 'language', 'religion', 'location', 'population', 'political relationships', 'cultural ties', 'economic ties']"
39,39,U.S.A.-Germany,cot,llama3_8B,0.5,12,10,2,"The United States of America (U.S.A.) and Germany share some similarities, but also have many differences. Both are developed countries with strong economies, high standards of living, and a similar level of technological advancement. They both have a federal system of government, with a president/chancellor and a parliament/cabinet. However, they differ in their history, culture, language, and values. The U.S.A. has a long history of immigration and is a melting pot of cultures, while Germany has a more homogeneous population. Additionally, the U.S.A. is a global superpower with a strong military presence, whereas Germany focuses on economic and cultural diplomacy.","Germany and USA share some similarities, such as being developed economies with strong industrial sectors, high standard of living, and a mix of cultural influences. However, they also have significant differences in their history, politics, and social structures. Germany has a more centralized government and a stronger social safety net, while the US has a federal system and a more individualistic culture.",[],"['economies', 'standards of living', 'technological advancement', 'system of government', 'history', 'culture', 'language', 'values', 'immigration', 'population diversity', 'military presence', 'diplomacy']","['being developed economies', 'strong industrial sectors', 'high standard of living', 'mix of cultural influences', 'history', 'politics', 'social structures', 'centralized government', 'stronger social safety net', 'federal system', 'individualistic culture']"
40,40,U.S.S.R.-Syria,cot,llama3_8B,0.5,4,0,4,"The Soviet Union (U.S.S.R.) and Syria share some historical and political similarities, but they are vastly different in many aspects. Both were socialist states with a strong government presence, but the U.S.S.R. was a superpower with a vast territory and diverse population, whereas Syria is a smaller country with a more homogeneous population. Additionally, the U.S.S.R. collapsed in 1991, while Syria has been embroiled in a civil war since 2011. Considering these differences, I would rate their similarity as low.","Syria and U.S.S.R. are two vastly different countries with distinct histories, cultures, and political systems. Syria is a Middle Eastern country with a rich cultural heritage, while the U.S.S.R. was a socialist state that existed from 1922 to 1991. While both countries have experienced periods of turmoil, they share no similarities in their government structures, economies, or international relationships.",[],"['historical similarities', 'political similarities', 'socialist states', 'strong government presence', 'superpower status', 'territory size', 'population diversity', 'collapse of U.S.S.R.', 'Syrian civil war']","['histories', 'cultures', 'political systems', 'government structures', 'economies', 'international relationships']"
41,41,France-Algeria,cot,llama3_8B,0.5,12,15,-3,"France and Algeria share a complex history, with Algeria being a former French colony from 1830 to 1962. Although they have different cultures, languages, and political systems today, they still maintain strong economic ties and cultural exchange. France is home to the largest Algerian diaspora community outside of Algeria, and many Algerians speak French as a second language. Additionally, both countries are part of the Mediterranean region and share similar Mediterranean cuisine, architecture, and climate. However, significant differences in governance, economy, and social structures exist between the two nations.","Algeria and France share a complex history, having been under French colonial rule from 1830 to 1962. Although they gained independence, Algeria still maintains cultural, linguistic, and economic ties with France. Many Algerians speak French as a second language, and the country has adopted many French customs and traditions. Additionally, both countries are Mediterranean nations with similar climates and cuisines. However, there are significant differences in their political systems, economies, and social structures.",[],"['complex history', 'different cultures', 'languages', 'political systems', 'economic ties', 'cultural exchange', 'diaspora community', 'second language', 'part of the Mediterranean region', 'Mediterranean cuisine', 'architecture', 'climate', 'differences in governance', 'economy', 'social structures']","['complex history', 'colonial rule', 'cultural ties', 'linguistic ties', 'economic ties', 'second language', 'customs and traditions', 'geographical location', 'climate', 'cuisine', 'political systems', 'economies', 'social structures']"
42,42,U.S.A.-Mexico,cot,gpt-4,0.5,7,10,-3,"['The U.S.A. and Mexico have some similarities but also have many differences. They share a border and have significant cultural exchanges. Both have diverse populations and landscapes, from mountains to coasts. However, they differ greatly in terms of economic development, political systems, and social issues. The U.S.A. is a developed country with a high standard of living, while Mexico, despite being an emerging economy, still struggles with poverty and social inequality. Furthermore, the U.S.A. is a federal republic, whereas Mexico is a unitary state. In terms of culture, while there is a significant Mexican population in the U.S., the mainstream culture and language are quite different.']","[""Both Mexico and the USA are situated in North America and share a common border, indicating some geographical similarity. They both have diverse cultures and populations. However, there are also significant differences in terms of language, with English being the primary language in the USA and Spanish in Mexico. Their political systems, while both being democratic, are structured differently. The economies also differ significantly, with the USA being one of the world's largest and most developed, while Mexico, despite being a growing economy, is not at the same level. There are also differences in terms of social issues and policies.""]",[],"['border sharing', 'cultural exchanges', 'population diversity', 'landscape diversity', 'economic development', 'political systems', 'social issues', 'standard of living', 'poverty', 'social inequality', 'culture', 'language']","['geographical location', 'common border', 'cultural diversity', 'population diversity', 'language', 'political system structure', 'economic status', 'social issues', 'policies']"
43,43,U.S.S.R.-Poland,cot,gpt-4,0.5,10,5,5,"['The U.S.S.R. and Poland have some similarities but also significant differences. Both have experienced periods of communism and have rich histories and cultures. However, the U.S.S.R. was a federation of multiple nationalities and languages, whereas Poland is a more homogenous country. Also, the U.S.S.R. was much larger and more influential on the global stage than Poland. The systems of governance have also been quite different, with the U.S.S.R. being a one-party state and Poland transitioning to a more democratic system after the fall of communism.']","['Poland and the U.S.S.R. (Union of Soviet Socialist Republics) have both experienced significant historical events, but their political, economic, and social systems have varied greatly. The U.S.S.R. was a socialist state with a planned economy and a single-party system, whereas Poland, especially after the fall of communism, has been a democratic country with a market economy. The U.S.S.R. was a federation of numerous ethnic groups, while Poland is relatively homogeneous in terms of ethnicity. The cultural and historical backgrounds are also different. Poland was heavily influenced by Western Europe, particularly in terms of religion (Catholicism), while the U.S.S.R. was officially atheist and had a mix of Eastern and Western influences. Despite these differences, there are similarities such as a shared history of communism and experiences during and after World War II.']",[],"['periods of communism', 'rich histories and cultures', 'federation of multiple nationalities and languages', 'size and global influence', 'systems of governance']","['historical events', 'political systems', 'economic systems', 'social systems', 'type of state', 'type of economy', 'party system', 'ethnic composition', 'cultural background', 'historical background', 'religious influences', 'shared history of communism', 'experiences during and after World War II']"
44,44,China-Albania,cot,gpt-4,0.5,5,3,2,"['China and Albania are two very different countries with distinct cultural, political, and economic systems. China is a socialist republic with a booming economy and a large population, whereas Albania is a parliamentary republic with a developing economy and a smaller population. While they both have rich histories and cultures, the similarities are not substantial. There are differences in their geographical location, climate, language, and lifestyle. However, they do share some commonalities such as being part of the UN and having a focus on education.']","[""Albania and China are quite different in terms of size, population, culture, language, political system, and economic structure. China is one of the world's largest countries and has the highest population, while Albania is a small European country with a much smaller population. China has a socialist market economy and is governed by the Communist Party, while Albania has a mixed economy and is a parliamentary constitutional republic. Their cultures and languages are also vastly different. Therefore, the similarity between the two countries is quite low.""]",[],"['cultural', 'political', 'economic systems', 'type of republic', 'economy', 'population size', 'history', 'geographical location', 'climate', 'language', 'lifestyle', 'membership in the UN', 'focus on education']","['size', 'population', 'culture', 'language', 'political system', 'economic structure']"
45,45,U.S.A.-Israel,cot,gpt-4,0.5,12,12,0,"['The U.S.A. and Israel share several similarities such as democratic governance, strong economies, and a focus on technological innovation. Both countries also have strong military forces and are key players in international politics. However, there are significant differences too. The U.S.A. is a much larger country both in terms of landmass and population. The cultures, histories, and societal norms of the two countries are also quite distinct. While the U.S.A. is a multicultural and multiethnic society, Israel is predominantly Jewish. Furthermore, the geopolitical situations of the two countries are very different.']","['Israel and the U.S.A share many similarities but also have significant differences. Both countries are democracies, have strong economies, and are technological powerhouses. They also have a strong military and are global influencers. However, they differ significantly in terms of size, population, culture, and history. Israel has a unique geopolitical situation and faces different challenges compared to the U.S.A. Therefore, while there are similarities, there are also key differences that cannot be ignored.']",[],"['democratic governance', 'strong economies', 'focus on technological innovation', 'strong military forces', 'key players in international politics', 'landmass', 'population', 'cultures', 'histories', 'societal norms', 'multicultural and multiethnic society', 'predominantly Jewish', 'geopolitical situations']","['democracies', 'strong economies', 'technological powerhouses', 'strong military', 'global influencers', 'size', 'population', 'culture', 'history', 'geopolitical situation', 'challenges']"
46,46,Japan-Philippines,cot,gpt-4,0.5,8,10,-2,"['Japan and the Philippines both share certain similarities such as being located in East Asia, having a largely coastal geography, and being prone to earthquakes and typhoons due to their location in the Pacific Ring of Fire. Both countries also have a rich cultural history and tradition. However, they also have many differences such as language, religion, economic development, and political system. Japan is a highly developed country with a strong economy and technological advancement, while the Philippines is a developing country. Therefore, while they share some similarities, there are also significant differences.']","[""Both the Philippines and Japan are island nations located in the Pacific Ocean and they have similar climates, with both experiencing typhoons. They also have some similarities in culture due to historical interactions, such as Japan's occupation of the Philippines during World War II. However, there are also significant differences. Japan is a developed country with a strong economy, while the Philippines is still developing. The languages spoken in each country are very different, with Japanese being the official language of Japan and Filipino and English being the official languages of the Philippines. The religions practiced in each country also differ, with Shinto and Buddhism being the most common in Japan, while Christianity is the most common in the Philippines.""]",[],"['location', 'coastal geography', 'prone to earthquakes and typhoons', 'cultural history and tradition', 'language', 'religion', 'economic development', 'political system', 'technological advancement']","['location', 'climate', 'culture', 'historical interactions', 'economic status', 'languages spoken', 'religions practiced']"
47,47,U.S.A.-Canada,cot,gpt-4,0.5,15,15,0,"['The USA and Canada share a lot of similarities, such as language, culture, and geographic proximity. Both countries are multicultural, with a diverse population and a democratic form of government. They also have similar economic systems, being largely market-based. However, there are also significant differences between the two, particularly in terms of healthcare, gun control, and other social policies. Therefore, while there is a significant degree of similarity, it is not complete.']","['Canada and the U.S.A share a common border and have many cultural similarities due to their close proximity. Both countries are predominantly English-speaking and have similar political systems, being democratic and federal. They also have similar economic systems, being capitalist and having a high standard of living. However, there are also significant differences between the two countries. Canada has a parliamentary system of government, while the U.S.A has a presidential system. The U.S.A is much more populous and has a larger economy. Canada has universal healthcare, while the U.S.A does not. Furthermore, there are differences in attitudes towards social issues, such as gun control and healthcare.']",[],"['language', 'culture', 'geographic proximity', 'multicultural', 'diverse population', 'form of government', 'economic systems', 'healthcare', 'gun control', 'social policies']","['common border', 'cultural similarities', 'language', 'political systems', 'economic systems', 'standard of living', 'system of government', 'population', 'size of economy', 'healthcare system', 'attitudes towards social issues']"
48,48,U.S.S.R.-Israel,cot,gpt-4,0.5,2,2,0,"['The U.S.S.R. and Israel are significantly different in numerous ways. In terms of geography, the U.S.S.R. was the largest country in the world, spanning across two continents, while Israel is a small country in the Middle East. Politically, the U.S.S.R. was a socialist state with a one-party system, while Israel is a democratic country with multiple political parties. Culturally, the U.S.S.R. was multi-ethnic with Christianity and atheism as the main religions, while Israel is predominantly Jewish. Economically, the U.S.S.R. had a planned economy, while Israel has a developed market economy. Therefore, the similarity between the two countries is very low.']","[""Israel and the U.S.S.R. are quite different in many respects. Firstly, the U.S.S.R. was a socialist state with a planned economy, while Israel is a democratic state with a mixed economy. Secondly, the U.S.S.R. was a multiethnic federation composed of 15 republics, while Israel is a smaller, predominantly Jewish state. Thirdly, the U.S.S.R. was one of the world's two superpowers during the Cold War, while Israel, although militarily strong, does not have the same global influence. Lastly, the U.S.S.R. was officially atheistic, while Israel is a Jewish state. However, both countries have had significant conflict and tension with their neighboring countries.""]",[],"['geography', 'political system', 'culture', 'economy']","['type of government', 'type of economy', 'ethnic composition', 'size and global influence', 'religious stance', 'relationship with neighboring countries']"
49,49,England-Ireland,cot,gpt-4,0.5,13,13,0,"['England and Ireland share a number of similarities due to their geographical proximity and historical connections. Both countries have a shared history of conflict and cooperation, and their cultures have influenced each other over centuries. They both have a parliamentary system of governance, and English is a major language in both countries. However, there are also significant differences in terms of religion, cultural practices, and national identity. Ireland has a distinct Gaelic heritage and Catholic majority, whereas England is predominantly Anglican and has a different historical narrative. Therefore, while there are significant similarities, there are also important differences.']","['Ireland and England share a lot of similarities due to their shared history, geographical proximity, and cultural exchange. Both countries have English as their primary language, and both are part of the British Isles. They have similar climates and landscapes. However, there are also significant differences. Ireland and England have different political systems, with Ireland being a republic and England being part of a constitutional monarchy. They also have distinct national identities and historical narratives, particularly relating to periods of conflict and tension. Therefore, while there are similarities, there are also important differences.']",[],"['geographical proximity', 'historical connections', 'shared history of conflict and cooperation', 'cultural influence', 'parliamentary system of governance', 'major language', 'religion', 'cultural practices', 'national identity', 'Gaelic heritage', 'Catholic majority', 'Anglican majority', 'historical narrative']","['shared history', 'geographical proximity', 'cultural exchange', 'primary language', 'part of the British Isles', 'similar climates and landscapes', 'different political systems', 'distinct national identities', 'historical narratives', 'periods of conflict and tension']"
50,50,Germany-Austria,cot,gpt-4,0.5,15,15,0,"['Germany and Austria share a common language, German, and have similar cultural aspects due to their shared history. Both countries have a strong emphasis on education and are known for their contributions to arts and sciences. The geography is also somewhat similar with both having mountainous regions. However, there are differences in their political systems, with Germany being a federal parliamentary republic and Austria a parliamentary representative democracy. Their economies also differ, with Germany having a more diverse and larger economy than Austria.']","['Austria and Germany share many similarities. They both speak German and share a common history and culture. They have similar political systems, being federal republics, and are both part of the European Union. Their economies are also highly developed and industrialized. However, there are also differences. Austria is much smaller than Germany in terms of population and geographic size. The economies, while similar, also have their differences - Germany has a larger economy and is known for its automotive industry, while Austria has a more diverse economy. There are also regional differences in culture and dialect.']",[],"['common language', 'cultural aspects', 'shared history', 'emphasis on education', 'contributions to arts and sciences', 'geography', 'political systems', 'economies']","['language', 'common history', 'culture', 'political systems', 'membership in the European Union', 'economic development', 'industrialization', 'population size', 'geographic size', 'economic structure', 'regional differences in culture and dialect']"
51,51,U.S.S.R.-France,cot,gpt-4,0.5,5,7,-2,"['The U.S.S.R. and France have significant differences in their political, cultural, and historical contexts. The U.S.S.R., being a socialist state, had a centrally planned economy and one-party rule, while France is a democratic country with a mixed economy. Culturally, the two countries have distinct languages, traditions, and societal norms. Historically, their paths have also been different, with the U.S.S.R. having undergone the communist revolution and France having its unique history of the French Revolution and monarchy. However, they have some similarities in terms of being influential powers in the world, having strong military forces, and a rich history of arts and sciences.']","['France and the U.S.S.R. are both countries with a rich history and cultural heritage. They both have had significant impacts on global politics and have played major roles in world events. However, their political systems, economic structures, and societal norms are vastly different. France is a democratic republic with a capitalist economy, while the U.S.S.R. was a socialist state with a planned economy. Furthermore, their geographical locations and climates are also quite different. Therefore, while there are some similarities, there are also many differences.']",[],"['political context', 'cultural context', 'historical context', 'type of state', 'type of economy', 'type of rule', 'languages', 'traditions', 'societal norms', 'historical events', 'influence in the world', 'military forces', 'history of arts and sciences']","['rich history and cultural heritage', 'impacts on global politics', 'roles in world events', 'political systems', 'economic structures', 'societal norms', 'geographical locations', 'climates']"
52,52,Belgium-Luxembourg,cot,gpt-4,0.5,15,15,0,"['Belgium and Luxembourg share a lot of similarities in terms of geography, culture, and political systems. Both countries are located in Western Europe and have similar climates. Culturally, they have a shared history and both have three official languages: French, German, and a regional language (Dutch in Belgium, Luxembourgish in Luxembourg). Politically, both are constitutional monarchies and are founding members of the European Union. However, there are also differences. Belgium is significantly larger and more populous, and there are differences in the economy, with Belgium having a more diverse economy while Luxembourg is known for its strong financial sector.']","['Luxembourg and Belgium share a lot of similarities. They are both small, landlocked countries located in Western Europe. They share a common history, being part of the Low Countries and having been under the same rulers in the past. Both countries are constitutional monarchies and have similar political systems. They are both multilingual, with French being one of the official languages in both countries. However, there are also differences between the two. For example, the economy of Luxembourg is more focused on finance and banking, while Belgium has a more diverse economy. The population of Belgium is also much larger than that of Luxembourg.']",[],"['geography', 'culture', 'political systems', 'location', 'climate', 'history', 'official languages', 'constitutional monarchies', 'membership in the European Union', 'size', 'population', 'economy']","['size', 'geographical location', 'history', 'political system', 'languages', 'economy', 'population']"
53,53,U.S.A.-U.S.S.R.,cot,gpt-4,0.5,7,7,0,"['The USA and the USSR, despite both being superpowers during the Cold War, had very different political, economic, and social systems. The USA is a capitalist democracy, while the USSR was a communist state. Their ideologies were fundamentally opposed, which led to significant global tension. However, both nations were similar in their global influence, military might, and pursuit of space exploration. Therefore, while there are some similarities in terms of power and influence, the differences in political and economic systems are significant.']","['The U.S.S.R. (Union of Soviet Socialist Republics) and the U.S.A. (United States of America) have some similarities but also significant differences. Both were superpowers during the 20th century and have large land masses. However, their political systems were vastly different with the U.S.S.R. being a socialist state and the U.S.A. being a capitalist democracy. Their economies also functioned on different principles with the U.S.S.R. having a planned economy and the U.S.A. having a market economy. In terms of culture, there are some similarities but also many differences due to different historical development and influences.']",[],"['political systems', 'economic systems', 'social systems', 'ideologies', 'global influence', 'military might', 'pursuit of space exploration']","['political systems', 'economies', 'culture', 'historical development', 'influences']"
54,54,China-North Korea,cot,gpt-4,0.5,7,10,-3,"[""China and North Korea, both being East Asian countries, share some similarities in terms of culture, history, and geography. Both are communist countries but the degree of their economic systems' openness is vastly different. China has embraced a more open, market-oriented economy, while North Korea remains one of the most closed and centrally planned economies in the world. Politically, China is more influential on the global stage, while North Korea is more isolated. Therefore, while there are some similarities, there are also significant differences.""]","['North Korea and China share some similarities such as both being communist countries and having a one-party rule. They also share a border and have significant historical and cultural ties. However, there are also significant differences. For instance, China has embraced certain aspects of capitalism and its economy is far more developed and globalized, while North Korea remains isolated and its economy is heavily state-controlled. Moreover, China has a much larger population and geographical area, and its international influence is much greater. Therefore, while there are similarities, there are also significant differences.']",[],"['culture', 'history', 'geography', 'economic systems', 'degree of economic systems openness', 'political influence on the global stage', 'isolation']","['type of government', 'one-party rule', 'shared border', 'historical ties', 'cultural ties', 'economic system', 'economic development', 'globalization', 'isolation', 'state control of economy', 'population size', 'geographical area', 'international influence']"
55,55,India-Sri Lanka,cot,gpt-4,0.5,12,15,-3,"['India and Sri Lanka, both located in South Asia, share many similarities in terms of culture, climate, and history. Both countries have a diverse ethnic mix and multiple languages spoken. They share similar cuisines, clothing styles, and even sports interests, such as cricket. However, there are significant differences as well. India is much larger in terms of land area and population. The political systems differ, with India being a federal parliamentary democratic republic and Sri Lanka being a semi-presidential democratic republic. The religions practiced are also different with Hinduism being predominant in India and Buddhism in Sri Lanka.']","['Sri Lanka and India share a lot of similarities in terms of culture, religion, and history. Both countries have a majority of their population practicing Hinduism and Buddhism. They also share a similar historical background, with both having been under British rule. Their cuisines also have a lot of common elements. However, there are also significant differences between the two countries in terms of politics, economy and geographical features. Sri Lanka is an island nation while India is a subcontinent with diverse geographical features. The political systems are also quite different, with India being the largest democracy in the world and Sri Lanka having a presidential system.']",[],"['location', 'culture', 'climate', 'history', 'ethnic mix', 'languages spoken', 'cuisines', 'clothing styles', 'sports interests', 'land area', 'population', 'political systems', 'religions practiced']","['culture', 'religion', 'history', 'population practicing Hinduism and Buddhism', 'historical background', 'cuisines', 'politics', 'economy', 'geographical features', 'political systems']"
56,56,U.S.A.-France,cot,gpt-4,0.5,10,10,0,"['The USA and France have some similarities such as being democratic nations with strong economies and being influential in international affairs. Both countries have diverse cultures and populations. However, there are significant differences in terms of language, history, social systems, and attitudes towards issues like healthcare and education. France has a more socialistic approach to these issues, while the USA is more capitalistic. Therefore, while there are areas of overlap, there are also substantial differences.']","['France and the U.S.A. have similarities in terms of being democratic nations with a high level of economic development. Both countries have a diverse culture and population. However, there are significant differences in terms of language, history, social systems, healthcare, and education. The U.S. is a federal republic while France is a unitary semi-presidential republic. The U.S. is larger in terms of land area and population. The lifestyle, food habits, and cultural nuances are also quite different.']",[],"['being democratic nations', 'strong economies', 'being influential in international affairs', 'diverse cultures', 'populations', 'language', 'history', 'social systems', 'attitudes towards issues like healthcare and education', 'socialistic approach', 'capitalistic approach']","['democratic nations', 'economic development', 'culture', 'population', 'language', 'history', 'social systems', 'healthcare', 'education', 'form of government', 'land area', 'lifestyle', 'food habits', 'cultural nuances']"
57,57,U.S.S.R.-Cuba,cot,gpt-4,0.5,10,10,0,"['The USSR and Cuba share some similarities, primarily in terms of their political ideologies, as both have been influenced by communism. However, there are significant differences as well. The USSR was a superpower with a global influence, while Cuba is a small island nation with less international influence. The USSR was a federation of multiple ethnically diverse republics, while Cuba is a unitary state. Also, the USSR dissolved in 1991, while Cuba still exists. Moreover, the economic and social conditions in these countries were and are significantly different.']","['Cuba and the U.S.S.R. share some similarities in their political systems, as both have been recognized as socialist republics. Both countries have had a history of state-controlled economies and have been associated with the Communist bloc during the Cold War. However, there are significant differences as well. The U.S.S.R. was a superpower with significant influence on global politics and a vast geographical area, while Cuba is a small island nation with less global influence. Furthermore, the U.S.S.R. has dissolved, and its successor states have undergone significant political and economic changes, while Cuba remains a socialist state. Therefore, while there are some similarities, there are also significant differences.']",[],"['political ideologies', 'global influence', 'size and type of nation', 'ethnic diversity', 'existence', 'economic conditions', 'social conditions']","['political systems', 'history of state-controlled economies', 'association with the Communist bloc during the Cold War', 'geographical area', 'global influence', 'political and economic changes']"
58,58,England-Jordan,cot,gpt-4,0.5,2,2,0,"[""England and Jordan are two very different countries in many aspects. They have different climates, with England being temperate maritime and Jordan being mostly arid desert. The cultures are also vastly different, with England being predominantly Christian and Western, and Jordan being predominantly Muslim and Middle Eastern. The political systems are different as well, with England being a constitutional monarchy with a parliamentary system, and Jordan being a unitary parliamentary constitutional monarchy. The economies are also different, with England having a more diverse and developed economy, while Jordan's economy is smaller and less diverse.""]","['Jordan and England are very different in terms of culture, language, geography, climate, and political structure. England is a parliamentary democracy with a constitutional monarchy, while Jordan is a constitutional monarchy where the king holds wide executive and legislative powers. The official language in England is English, while in Jordan it is Arabic. England has a temperate maritime climate with all four seasons, but moderate rainfall throughout the year, while Jordan has a combination of Mediterranean and arid desert climates. In terms of geography, England is an island nation with a diverse landscape, while Jordan is a landlocked country with a predominantly desert landscape. Therefore, the similarity is very low.']",[],"['climates', 'cultures', 'political systems', 'economies']","['culture', 'language', 'geography', 'climate', 'political structure']"
59,59,France-Israel,cot,gpt-4,0.5,7,5,2,"['France and Israel, although both developed countries, have many differences. France, located in Western Europe, is known for its rich history, culture, and contributions to arts and sciences, while Israel, located in the Middle East, is known for its religious significance and ongoing political issues. The languages, French and Hebrew, are also different. However, both countries have strong economies, are democratic, and have a high standard of living. They also share some similarities in cuisine, such as a love for bread and cheese.']","['Israel and France have different languages, cultures, and histories. The dominant religion in Israel is Judaism, while in France it is Christianity. The political systems are different as well, with Israel being a parliamentary democracy and France being a semi-presidential republic. The geography and climate are also different, with Israel being located in the Middle East and having a Mediterranean and desert climate, while France is located in Western Europe and has a temperate climate. However, they both are developed countries with high standards of living, strong economies, and advanced technology sectors. They also both have strong military forces and are involved in international politics.']",[],"['location', 'history', 'culture', 'contributions to arts and sciences', 'religious significance', 'political issues', 'languages', 'economies', 'political system', 'standard of living', 'cuisine']","['languages', 'cultures', 'histories', 'dominant religion', 'political systems', 'geography', 'climate', 'development status', 'standards of living', 'economies', 'technology sectors', 'military forces', 'involvement in international politics']"
60,60,U.S.A.-Germany,cot,gpt-4,0.5,10,12,-2,"['USA and Germany are both developed western countries with strong economies and democratic political systems. They both value education, have diverse populations and are influential on the global stage. However, they have significant cultural differences, including language, social norms, and historical experiences. Their healthcare and education systems operate differently, with Germany having a more socialized approach. Their geographical landscapes and climates also vary greatly. Therefore, while they share some similarities in their status and global influence, they also have significant differences.']","['Germany and the U.S.A. are both developed countries with strong economies, democratic systems of government, and a high standard of living. They both value education and have strong technological and industrial sectors. However, there are also significant differences between the two countries. For instance, the U.S.A. is a federal republic while Germany is a federal parliamentary republic. The U.S.A. is more ethnically diverse than Germany. The U.S.A. has a larger population and land area than Germany. The two countries also have different languages and cultural histories. Therefore, while there are similarities, there are also significant differences.']",[],"['strong economies', 'democratic political systems', 'value education', 'diverse populations', 'global influence', 'cultural differences', 'language', 'social norms', 'historical experiences', 'healthcare systems', 'education systems', 'geographical landscapes', 'climates']","['economic strength', 'type of government', 'standard of living', 'value of education', 'technological sector', 'industrial sector', 'type of republic', 'ethnic diversity', 'population size', 'land area', 'language', 'cultural history']"
61,61,U.S.S.R.-Syria,cot,gpt-4,0.5,8,5,3,"[""The USSR and Syria are both countries that have experienced significant political turmoil and conflict. They both have had forms of socialist government, with the USSR being a communist state and Syria being ruled by the Ba'ath Party, which espouses Arab socialism. However, there are also significant differences. The USSR was a global superpower with a diverse population spread across a vast territory, while Syria is a smaller, less influential country in the Middle East. The USSR dissolved in 1991, while Syria is still an active country, albeit one in the midst of a civil war. Therefore, they have some similarities but also significant differences.""]","['Syria and the U.S.S.R. have some similarities, such as a strong central government and a history of political instability. However, there are also significant differences between the two. The U.S.S.R. was a communist state with a planned economy, while Syria has a mixed economy with both private and public sectors. The U.S.S.R. was a global superpower with a large and diverse population, while Syria is a smaller country with a predominantly Arab population. The U.S.S.R. was also much larger in terms of land area and had a more diverse climate and geography.']",[],"['political turmoil and conflict', 'forms of socialist government', 'global influence', 'population diversity', 'territory size', 'current status', 'region', 'civil war']","['strong central government', 'history of political instability', 'communist state', 'planned economy', 'mixed economy', 'private and public sectors', 'global superpower', 'large and diverse population', 'predominantly Arab population', 'land area', 'diverse climate and geography']"
62,62,France-Algeria,cot,gpt-4,0.5,10,8,2,"[""France and Algeria have a long shared history, as Algeria was a French colony for over a century. This has resulted in some similarities in language, with French being widely spoken in Algeria, and cultural influences. However, there are also significant differences. Algeria is predominantly Muslim, while France is largely secular with a Christian heritage. Their political systems, economies, and social structures are also quite different. Algeria's climate and geography are distinct from France's, being part of North Africa. Therefore, while there are some similarities due to historical ties, there are also many differences.""]","['Algeria and France have some similarities due to historical connections. Algeria was a French colony from 1830 to 1962, which has resulted in some shared aspects of culture, language, and history. French is widely spoken in Algeria and the legal system of Algeria is also based on French law. However, Algeria is predominantly Muslim and has cultural aspects that are unique to North Africa and the Arab world, whereas France is predominantly Christian and has a culture that is more typical of Western Europe. The economies of the two countries are also quite different, with France being a developed country and Algeria being a developing country.']",[],"['shared history', 'language', 'cultural influences', 'religion', 'political systems', 'economies', 'social structures', 'climate', 'geography']","['historical connections', 'shared aspects of culture', 'language', 'history', 'legal system', 'religion', 'unique cultural aspects', 'geographical location', 'economies', 'development status']"
